categoryCode,category
BAKING,Baking
BEVERAGES,Beverages
BAKING,Baking
BAKING,Baking
CANDY_AND_SWEETS,Candy & Sweets
BAKING,Baking
BAKING,Baking
,Condiments & Sauces
,Canned Goods & Soups
,Baking
BAKING,Baking
,
,Baking
,Magazines
,Breakfast & Cereal
,Beer Wine Spirits
HEALTHY_AND_WELLNESS,Health & Wellness
BAKING,Baking
BAKING,Baking
,Beauty
,Baby
HEALTHY_AND_WELLNESS,Health & Wellness
,Condiments & Sauces
,
,
BAKING,Baking
,Frozen
,Magazines
BAKING,Baking
BAKING,Baking
,Grocery
BAKING,Baking
,Breakfast & Cereal
BAKING,Baking
,
,Baking
,Snacks
BAKING,Baking
BAKING,Baking
BAKING,Baking
,Household
,Beverages
,Beverages
,
,Magazines
,Magazines
,
BAKING,Baking
,Beer Wine Spirits
,
,Beverages
,Frozen
,Personal Care
,Personal Care
BAKING,Baking
,
,
BAKING,Baking
,Grocery
CANDY_AND_SWEETS,Candy & Sweets
,Canned Goods & Soups
,
BAKING,Baking
,Frozen
,Health & Wellness
,Snacks
,Canned Goods & Soups
BAKING,Baking
GROCERY,Grocery
,Beer Wine Spirits
BAKING,Baking
HEALTHY_AND_WELLNESS,Health & Wellness
,Breakfast & Cereal
BAKING,Baking
,Snacks
BAKING,Baking
,Snacks
,
,Condiments & Sauces
BAKING,Baking
,
,Beer Wine Spirits
,Beer Wine Spirits
,
,Snacks
CANDY_AND_SWEETS,Candy & Sweets
,Condiments & Sauces
,Frozen
,Beverages
,Snacks
BAKING,Baking
BAKING,Baking
,Dairy
,Snacks
CANDY_AND_SWEETS,Candy & Sweets
,
BAKING,Baking
,Frozen
BAKING,Baking
,
,Canned Goods & Soups
,Condiments & Sauces
BAKING,Baking
BAKING,Baking
,
,Snacks
,Beverages
BAKING,Baking
,Dairy
,Snacks
,Snacks
,Condiments & Sauces
BAKING,Baking
,
,
,Snacks
,Condiments & Sauces
,
,
BAKING,Baking
,Beverages
,Health & Wellness
,Beauty
CANDY_AND_SWEETS,Candy & Sweets
,Baking
BAKING,Baking
,Baby
BAKING,Baking
,Beverages
,Beverages
,
,Condiments & Sauces
,Frozen
,Frozen
,Health & Wellness
,
,Baking
,Health & Wellness
,Snacks
PERSONAL_CARE,Personal Care
,Beverages
,Beverages
PERSONAL_CARE,Personal Care
,Magazines
BAKING,Baking
CLEANING_AND_HOME_IMPROVEMENT,Cleaning & Home Improvement
,
,
CANDY_AND_SWEETS,Candy & Sweets
,Magazines
,Beauty
,
,Grocery
,Snacks
,
,Canned Goods & Soups
BAKING,Baking
BAKING,Baking
BAKING,Baking
BAKING,Baking
,
,Beauty
,Beauty
,Deli
,Health & Wellness
BAKING,Baking
CANDY_AND_SWEETS,Candy & Sweets
,Beverages
BAKING,Baking
,Snacks
BAKING,Baking
,Snacks
,
,
,
,Beer Wine Spirits
,Dairy
,Health & Wellness
CANDY_AND_SWEETS,Candy & Sweets
BAKING,Baking
BAKING,Baking
BAKING,Baking
BAKING,Baking
BAKING,Baking
BAKING,Baking
BAKING,Baking
BAKING,Baking
,Condiments & Sauces
,Beer Wine Spirits
CANDY_AND_SWEETS,Candy & Sweets
BAKING,Baking
,Beer Wine Spirits
,Snacks
GROCERY,Grocery
,Magazines
,
BAKING,Baking
BAKING,Baking
BAKING,Baking
,Household
BAKING,Baking
,Health & Wellness
,Beer Wine Spirits
CANDY_AND_SWEETS,Candy & Sweets
,Beer Wine Spirits
BAKING,Baking
CANDY_AND_SWEETS,Candy & Sweets
BAKING,Baking
BAKING,Baking
BAKING,Baking
BAKING,Baking
BAKING,Baking
BAKING,Baking
CANDY_AND_SWEETS,Candy & Sweets
BAKING,Baking
BAKING,Baking
BAKING,Baking
BAKING,Baking
BAKING,Baking
CANDY_AND_SWEETS,Candy & Sweets
BAKING,Baking
BAKING,Baking
BAKING,Baking
BAKING,Baking
BAKING,Baking
CANDY_AND_SWEETS,Candy & Sweets
BAKING,Baking
,
,Beer Wine Spirits
,
,
,
BAKING,Baking
BAKING,Baking
,Beer Wine Spirits
BAKING,Baking
,Grocery
,
,Grocery
,Condiments & Sauces
BAKING,Baking
,Breakfast & Cereal
,Health & Wellness
,Dairy
CANDY_AND_SWEETS,Candy & Sweets
,Magazines
,Frozen
,Breakfast & Cereal
,Health & Wellness
BEER_WINE_SPIRITS,Beer Wine Spirits
BEER_WINE_SPIRITS,Beer Wine Spirits
BEER_WINE_SPIRITS,Beer Wine Spirits
BEER_WINE_SPIRITS,Beer Wine Spirits
BEER_WINE_SPIRITS,Beer Wine Spirits
BEER_WINE_SPIRITS,Beer Wine Spirits
BEER_WINE_SPIRITS,Beer Wine Spirits
BEER_WINE_SPIRITS,Beer Wine Spirits
,Magazines
,Baby
BAKING,Baking
BAKING,Baking
,
,Snacks
,Health & Wellness
,Health & Wellness
,Beer Wine Spirits
,Beverages
,Dairy
,Health & Wellness
BAKING,Baking
,Magazines
,Breakfast & Cereal
,
GROCERY,Grocery
PERSONAL_CARE,Personal Care
,
,Beverages
HEALTHY_AND_WELLNESS,Health & Wellness
,Snacks
BAKING,Baking
,Beverages
,Magazines
,
,Baby
HEALTHY_AND_WELLNESS,Health & Wellness
CANDY_AND_SWEETS,Candy & Sweets
,Beauty & Personal Care
,
,Beverages
,
,
BAKING,Baking
,
,Frozen
,Dairy
,Snacks
BAKING,Baking
,Condiments & Sauces
BABY,Baby
,Grocery
,Canned Goods & Soups
,Snacks
,Condiments & Sauces
HEALTHY_AND_WELLNESS,Health & Wellness
BAKING,Baking
BAKING,Baking
BAKING,Baking
CANDY_AND_SWEETS,Candy & Sweets
BAKING,Baking
BAKING,Baking
BAKING,Baking
BAKING,Baking
BAKING,Baking
BAKING,Baking
BAKING,Baking
CANDY_AND_SWEETS,Candy & Sweets
PERSONAL_CARE,Personal Care
CANDY_AND_SWEETS,Candy & Sweets
BAKING,Baking
BAKING,Baking
BAKING,Baking
BAKING,Baking
,Snacks
BAKING,Baking
BAKING,Baking
BREAD_AND_BAKERY,Bread & Bakery
,Magazines
,
,Dairy
BAKING,Baking
,
BAKING,Baking
,Dairy
,
,Health & Wellness
BAKING,Baking
,Personal Care
,Beer Wine Spirits
,Canned Goods & Soups
,Health & Wellness
BAKING,Baking
,
OUTDOOR,Outdoor
,Dairy
,Snacks
,Condiments & Sauces
BAKING,Baking
HEALTHY_AND_WELLNESS,Health & Wellness
,Beverages
,Beer Wine Spirits
,
,Snacks
,Snacks
,
CANDY_AND_SWEETS,Candy & Sweets
,Beer Wine Spirits
,Beer Wine Spirits
,Beer Wine Spirits
,Snacks
,Grocery
,Dairy
,
BAKING,Baking
,Canned Goods & Soups
,Breakfast & Cereal
,Household
BAKING,Baking
HEALTHY_AND_WELLNESS,Health & Wellness
BAKING,Baking
,Dairy
,Breakfast & Cereal
,Canned Goods & Soups
BAKING,Baking
BAKING,Baking
,Breakfast & Cereal
CANDY_AND_SWEETS,Candy & Sweets
,Baking
BAKING,Baking
BAKING,Baking
,
,Snacks
BAKING,Baking
,Dairy
BAKING,Baking
CANDY_AND_SWEETS,Candy & Sweets
BAKING,Baking
,Grocery
,
BAKING,Baking
BAKING,Baking
,Snacks
BAKING,Baking
,Beer Wine Spirits
,Breakfast & Cereal
,
,Health & Wellness
,Dairy
BAKING,Baking
BAKING,Baking
,Beauty & Personal Care
,Snacks
,Health & Wellness
BAKING,Baking
,Snacks
BAKING,Baking
BAKING,Baking
,Deli
,Beer Wine Spirits
,Magazines
GROCERY,Grocery
,Magazines
,
,Condiments & Sauces
CANDY_AND_SWEETS,Candy & Sweets
,Magazines
,Beer Wine Spirits
BAKING,Baking
,Beverages
,Magazines
BAKING,Baking
BAKING,Baking
BAKING,Baking
,Personal Care
,Breakfast & Cereal
,Beauty & Personal Care
,Magazines
,
BAKING,Baking
,Grocery
,Beer Wine Spirits
,Beverages
,Beverages
BAKING,Baking
CANDY_AND_SWEETS,Candy & Sweets
BAKING,Baking
DAIRY_AND_REFRIGERATED,Dairy & Refrigerated
BAKING,Baking
BAKING,Baking
BAKING,Baking
BAKING,Baking
BAKING,Baking
BAKING,Baking
BAKING,Baking
CANDY_AND_SWEETS,Candy & Sweets
BAKING,Baking
CANDY_AND_SWEETS,Candy & Sweets
BAKING,Baking
BAKING,Baking
BAKING,Baking
BAKING,Baking
HEALTHY_AND_WELLNESS,Health & Wellness
CANDY_AND_SWEETS,Candy & Sweets
BAKING,Baking
BAKING,Baking
BAKING,Baking
BAKING,Baking
BAKING,Baking
CANDY_AND_SWEETS,Candy & Sweets
,
,Breakfast & Cereal
BAKING,Baking
,Snacks
,Grocery
,
,Beer Wine Spirits
CANDY_AND_SWEETS,Candy & Sweets
,Frozen
,Baking
,Breakfast & Cereal
BAKING,Baking
,
,Snacks
BAKING,Baking
,Beer Wine Spirits
,
,Beverages
CLEANING_AND_HOME_IMPROVEMENT,Cleaning & Home Improvement
,Beverages
BAKING,Baking
BAKING,Baking
,Baking
CANDY_AND_SWEETS,Candy & Sweets
CANDY_AND_SWEETS,Candy & Sweets
,Snacks
,
BAKING,Baking
BAKING,Baking
,Snacks
,Beer Wine Spirits
CANDY_AND_SWEETS,Candy & Sweets
,Grocery
,
,Magazines
,
CLEANING_AND_HOME_IMPROVEMENT,Cleaning & Home Improvement
,Beverages
,Dairy
BAKING,Baking
,Beverages
BAKING,Baking
,Grocery
,Breakfast & Cereal
,Beer Wine Spirits
BAKING,Baking
,Snacks
,Dairy
,Magazines
,Breakfast & Cereal
,Breakfast & Cereal
,
BAKING,Baking
,Magazines
BAKING,Baking
,
BAKING,Baking
,Grocery
,
,Snacks
BAKING,Baking
BAKING,Baking
,Grocery
,
CLEANING_AND_HOME_IMPROVEMENT,Cleaning & Home Improvement
,Beer Wine Spirits
,Snacks
,
,Frozen
,Breakfast & Cereal
BAKING,Baking
,Breakfast & Cereal
BAKING,Baking
,Health & Wellness
BAKING,Baking
CANDY_AND_SWEETS,Candy & Sweets
,Beer Wine Spirits
BAKING,Baking
,Snacks
BAKING,Baking
,Snacks
DAIRY_AND_REFRIGERATED,Dairy & Refrigerated
,Magazines
,Breakfast & Cereal
BAKING,Baking
BAKING,Baking
BAKING,Baking
BAKING,Baking
BAKING,Baking
BAKING,Baking
BAKING,Baking
BAKING,Baking
CANDY_AND_SWEETS,Candy & Sweets
BAKING,Baking
BAKING,Baking
CANDY_AND_SWEETS,Candy & Sweets
BAKING,Baking
BAKING,Baking
CANDY_AND_SWEETS,Candy & Sweets
BAKING,Baking
BAKING,Baking
BAKING,Baking
BAKING,Baking
BREAD_AND_BAKERY,Bread & Bakery
,
BAKING,Baking
,Beer Wine Spirits
,Frozen
,Frozen
,Beauty
,Beauty & Personal Care
,Dairy
BABY,Baby
BAKING,Baking
BAKING,Baking
,Breakfast & Cereal
,Snacks
,Breakfast & Cereal
,
,
,
BAKING,Baking
,Baby
,Snacks
BABY,Baby
BAKING,Baking
CANDY_AND_SWEETS,Candy & Sweets
BAKING,Baking
,
,Magazines
,
GROCERY,Grocery
,
,Beer Wine Spirits
BABY,Baby
BAKING,Baking
,Baking
CANDY_AND_SWEETS,Candy & Sweets
MAGAZINES,Magazines
,Dairy
BAKING,Baking
,
BAKING,Baking
BAKING,Baking
,Magazines
,Snacks
,Health & Wellness
BAKING,Baking
CANDY_AND_SWEETS,Candy & Sweets
BAKING,Baking
,Snacks
BAKING,Baking
BAKING,Baking
HEALTHY_AND_WELLNESS,Health & Wellness
BAKING,Baking
,Condiments & Sauces
,
,Snacks
BAKING,Baking
,
BAKING,Baking
,Beverages
,Beverages
,Breakfast & Cereal
,Snacks
,Deli
,
,
CLEANING_AND_HOME_IMPROVEMENT,Cleaning & Home Improvement
,Magazines
,Baby
BAKING,Baking
,
CANDY_AND_SWEETS,Candy & Sweets
,Snacks
BAKING,Baking
BAKING,Baking
,Beer Wine Spirits
CANDY_AND_SWEETS,Candy & Sweets
,
,
BAKING,Baking
,Snacks
,
CANDY_AND_SWEETS,Candy & Sweets
,
BAKING,Baking
,Breakfast & Cereal
,Grocery
,
BAKING,Baking
,
BAKING,Baking
,Magazines
GROCERY,Grocery
,Breakfast & Cereal
BAKING,Baking
,Beverages
,Beverages
,
,Magazines
BAKING,Baking
,
,Condiments & Sauces
,
,Condiments & Sauces
,Personal Care
BAKING,Baking
BAKING,Baking
BAKING,Baking
,Frozen
,Health & Wellness
,
,Snacks
,Dairy
,Beverages
,
,Breakfast & Cereal
,Health & Wellness
,
,Dairy
,Frozen
,Breakfast & Cereal
BAKING,Baking
,Magazines
,Personal Care
,Grocery
BAKING,Baking
BAKING,Baking
,Beverages
,Snacks
,
,Snacks
,Snacks
BAKING,Baking
,
,
BAKING,Baking
,Baby
BAKING,Baking
,Dairy
,Snacks
,
,Condiments & Sauces
,
,
CANDY_AND_SWEETS,Candy & Sweets
BAKING,Baking
BAKING,Baking
BAKING,Baking
,
CANDY_AND_SWEETS,Candy & Sweets
,Condiments & Sauces
,
,Condiments & Sauces
GROCERY,Grocery
BAKING,Baking
,Grocery
,
CANDY_AND_SWEETS,Candy & Sweets
,
,Beer Wine Spirits
,Beverages
,Snacks
,Grocery
,Beverages
,Magazines
,Grocery
BAKING,Baking
,Beverages
BAKING,Baking
,Beverages
,Beer Wine Spirits
BAKING,Baking
,
,
,Grocery
BAKING,Baking
,Breakfast & Cereal
,Beverages
,Beer Wine Spirits
,Dairy
,Snacks
BAKING,Baking
,Beer Wine Spirits
BAKING,Baking
,
,Snacks
BAKING,Baking
,
BAKING,Baking
,
CANDY_AND_SWEETS,Candy & Sweets
,Personal Care
,Beer Wine Spirits
BEER_WINE_SPIRITS,Beer Wine Spirits
BEER_WINE_SPIRITS,Beer Wine Spirits
BEER_WINE_SPIRITS,Beer Wine Spirits
BEER_WINE_SPIRITS,Beer Wine Spirits
BEER_WINE_SPIRITS,Beer Wine Spirits
BEER_WINE_SPIRITS,Beer Wine Spirits
BEER_WINE_SPIRITS,Beer Wine Spirits
BEER_WINE_SPIRITS,Beer Wine Spirits
BEER_WINE_SPIRITS,Beer Wine Spirits
BEER_WINE_SPIRITS,Beer Wine Spirits
BEER_WINE_SPIRITS,Beer Wine Spirits
BEER_WINE_SPIRITS,Beer Wine Spirits
BEER_WINE_SPIRITS,Beer Wine Spirits
BEER_WINE_SPIRITS,Beer Wine Spirits
BEER_WINE_SPIRITS,Beer Wine Spirits
BEER_WINE_SPIRITS,Beer Wine Spirits
BAKING,Baking
BAKING,Baking
,Beer Wine Spirits
,
,Snacks
CANDY_AND_SWEETS,Candy & Sweets
BAKING,Baking
,Grocery
BAKING,Baking
,Frozen
,Breakfast & Cereal
BAKING,Baking
BAKING,Baking
,
BAKING,Baking
,
BEER_WINE_SPIRITS,Beer Wine Spirits
,Baby
,Snacks
BAKING,Baking
,Dairy
,Frozen
,Canned Goods & Soups
BAKING,Baking
,Beverages
BEER_WINE_SPIRITS,Beer Wine Spirits
BAKING,Baking
BAKING,Baking
BAKING,Baking
BAKING,Baking
BAKING,Baking
CANDY_AND_SWEETS,Candy & Sweets
BAKING,Baking
BAKING,Baking
BAKING,Baking
CANDY_AND_SWEETS,Candy & Sweets
BAKING,Baking
BAKING,Baking
HEALTHY_AND_WELLNESS,Health & Wellness
,
,Magazines
DAIRY_AND_REFRIGERATED,Dairy & Refrigerated
,Condiments & Sauces
BAKING,Baking
BAKING,Baking
CANDY_AND_SWEETS,Candy & Sweets
BAKING,Baking
BAKING,Baking
CANDY_AND_SWEETS,Candy & Sweets
,Frozen
BAKING,Baking
,Health & Wellness
,Beer Wine Spirits
,Beer Wine Spirits
,Beverages
,Snacks
,Beverages
,Snacks
CANDY_AND_SWEETS,Candy & Sweets
,
,Beverages
,Snacks
BAKING,Baking
,
BAKING,Baking
,
,Beer Wine Spirits
CANDY_AND_SWEETS,Candy & Sweets
,Magazines
,Breakfast & Cereal
,Health & Wellness
,Beer Wine Spirits
,Condiments & Sauces
BAKING,Baking
BAKING,Baking
BAKING,Baking
BAKING,Baking
DAIRY_AND_REFRIGERATED,Dairy & Refrigerated
BAKING,Baking
,Snacks
,Dairy
,Breakfast & Cereal
,Beer Wine Spirits
,
,Beverages
BAKING,Baking
,
,Personal Care
,Condiments & Sauces
,
GROCERY,Grocery
,Beverages
,Grocery
CANDY_AND_SWEETS,Candy & Sweets
BAKING,Baking
BAKING,Baking
HEALTHY_AND_WELLNESS,Health & Wellness
BAKING,Baking
BAKING,Baking
BAKING,Baking
CANDY_AND_SWEETS,Candy & Sweets
BAKING,Baking
BAKING,Baking
BAKING,Baking
BAKING,Baking
BAKING,Baking
CANDY_AND_SWEETS,Candy & Sweets
BAKING,Baking
BAKING,Baking
BAKING,Baking
CANDY_AND_SWEETS,Candy & Sweets
BAKING,Baking
,Beverages
,
,Frozen
,Beer Wine Spirits
BREAD_AND_BAKERY,Bread & Bakery
,Beverages
,Snacks
BAKING,Baking
,Health & Wellness
BAKING,Baking
BAKING,Baking
BAKING,Baking
BAKING,Baking
,Breakfast & Cereal
,Breakfast & Cereal
,Beer Wine Spirits
BAKING,Baking
BAKING,Baking
HEALTHY_AND_WELLNESS,Health & Wellness
BAKING,Baking
BAKING,Baking
BAKING,Baking
BAKING,Baking
BAKING,Baking
CANDY_AND_SWEETS,Candy & Sweets
BAKING,Baking
BAKING,Baking
CANDY_AND_SWEETS,Candy & Sweets
BAKING,Baking
BAKING,Baking
BAKING,Baking
BAKING,Baking
BAKING,Baking
CANDY_AND_SWEETS,Candy & Sweets
BAKING,Baking
BAKING,Baking
CANDY_AND_SWEETS,Candy & Sweets
BAKING,Baking
BAKING,Baking
BAKING,Baking
BAKING,Baking
BAKING,Baking
BAKING,Baking
BAKING,Baking
BAKING,Baking
BAKING,Baking
BAKING,Baking
BAKING,Baking
CANDY_AND_SWEETS,Candy & Sweets
BAKING,Baking
BAKING,Baking
,Breakfast & Cereal
BAKING,Baking
,Beverages
,
,Magazines
,Personal Care
BAKING,Baking
CANDY_AND_SWEETS,Candy & Sweets
,
,Beverages
BAKING,Baking
,Breakfast & Cereal
,
,Health & Wellness
BAKING,Baking
,Magazines
,Beer Wine Spirits
,Snacks
,Snacks
,Magazines
,Grocery
,Beer Wine Spirits
,Frozen
BAKING,Baking
,Magazines
,Personal Care
,Health & Wellness
,
,Magazines
BAKING,Baking
,Snacks
BAKING,Baking
,Beverages
,
BAKING,Baking
,Grocery
,
BAKING,Baking
BEER_WINE_SPIRITS,Beer Wine Spirits
BEER_WINE_SPIRITS,Beer Wine Spirits
,
BAKING,Baking
,
,Beer Wine Spirits
,Personal Care
BABY,Baby
,Baby
BAKING,Baking
BAKING,Baking
,Beverages
,Condiments & Sauces
,Snacks
CANDY_AND_SWEETS,Candy & Sweets
,Beverages
,Snacks
,Dairy
,Beer Wine Spirits
BAKING,Baking
,Beverages
,
CANDY_AND_SWEETS,Candy & Sweets
BAKING,Baking
,Canned Goods & Soups
,Beauty
HEALTHY_AND_WELLNESS,Health & Wellness
,Dairy
,Personal Care
,Beverages
,
,Condiments & Sauces
,Condiments & Sauces
BAKING,Baking
DAIRY_AND_REFRIGERATED,Dairy & Refrigerated
,Dairy
,Magazines
,
BAKING,Baking
,Health & Wellness
CANDY_AND_SWEETS,Candy & Sweets
,Health & Wellness
,Dairy
,
,Health & Wellness
,
,
,Deli
,Snacks
,Snacks
FROZEN,Frozen
BAKING,Baking
,
,Beverages
BAKING,Baking
,Beverages
,Beverages
,
BAKING,Baking
,Beverages
,Frozen
BAKING,Baking
,Magazines
,Breakfast & Cereal
,Beer Wine Spirits
,Beer Wine Spirits
BABY,Baby
BAKING,Baking
BAKING,Baking
,Beauty
,Dairy
,
CANDY_AND_SWEETS,Candy & Sweets
BAKING,Baking
,Beauty
BAKING,Baking
,Health & Wellness
,
,Magazines
BAKING,Baking
,
BAKING,Baking
BAKING,Baking
,Beer Wine Spirits
,Dairy
,Snacks
GROCERY,Grocery
,Beer Wine Spirits
,Household
BAKING,Baking
BAKING,Baking
,Snacks
GROCERY,Grocery
BAKING,Baking
,Household
,Personal Care
BAKING,Baking
,
,Frozen
,Magazines
,Grocery
,Condiments & Sauces
,Beverages
,
BABY,Baby
,Baby
BEER_WINE_SPIRITS,Beer Wine Spirits
BEER_WINE_SPIRITS,Beer Wine Spirits
BEER_WINE_SPIRITS,Beer Wine Spirits
,Baby
,Beverages
,Breakfast & Cereal
,
BREAD_AND_BAKERY,Bread & Bakery
BAKING,Baking
,Dairy
,Beer Wine Spirits
BAKING,Baking
,
,
BAKING,Baking
,Beer Wine Spirits
,Beauty & Personal Care
,Grocery
,Personal Care
,Breakfast & Cereal
,Dairy
,
,Snacks
,Beer Wine Spirits
BAKING,Baking
,
,Snacks
BAKING,Baking
,
,Breakfast & Cereal
,
,Snacks
BAKING,Baking
,Snacks
,Canned Goods & Soups
,Dairy
CANDY_AND_SWEETS,Candy & Sweets
CANDY_AND_SWEETS,Candy & Sweets
BAKING,Baking
,
,Beverages
CANDY_AND_SWEETS,Candy & Sweets
BAKING,Baking
BAKING,Baking
,
,
BREAD_AND_BAKERY,Bread & Bakery
,
,Snacks
BAKING,Baking
BAKING,Baking
BAKING,Baking
,Beverages
,Personal Care
,Magazines
,Deli
,Beverages
,Health & Wellness
,Frozen
,
,Dairy
,Beverages
,Beauty & Personal Care
,Baking
,Grocery
,Magazines
CLEANING_AND_HOME_IMPROVEMENT,Cleaning & Home Improvement
,Beer Wine Spirits
,
BAKING,Baking
,
,Breakfast & Cereal
,Beverages
,Personal Care
,Magazines
,Magazines
BAKING,Baking
,Beer Wine Spirits
,Beverages
,Beer Wine Spirits
GROCERY,Grocery
,
BAKING,Baking
,Beverages
,Deli
,Beer Wine Spirits
BAKING,Baking
,Breakfast & Cereal
CANDY_AND_SWEETS,Candy & Sweets
,Grocery
BAKING,Baking
