id,bonusPointsEarned,bonusPointsEarnedReason,pointsAwardedDate,pointsEarned,rewardsReceiptStatus,receiptId
0,500.0,"Receipt number 2 completed, bonus point schedule DEFAULT (5cefdcacf3693e0b50e83a36)",2021-01-03 15:25:31,500.0,FINISHED,5ff1e1eb0a720f0523000575
1,150.0,"Receipt number 5 completed, bonus point schedule DEFAULT (5cefdcacf3693e0b50e83a36)",2021-01-03 15:24:43,150.0,FINISHED,5ff1e1bb0a720f052300056b
2,5.0,All-receipts receipt bonus,,5.0,REJECTED,5ff1e1f10a720f052300057a
3,5.0,All-receipts receipt bonus,2021-01-03 15:25:34,5.0,FINISHED,5ff1e1ee0a7214ada100056f
4,5.0,All-receipts receipt bonus,2021-01-03 15:25:06,5.0,FINISHED,5ff1e1d20a7214ada1000561
5,750.0,"Receipt number 1 completed, bonus point schedule DEFAULT (5cefdcacf3693e0b50e83a36)",2021-01-03 15:25:25,750.0,FINISHED,5ff1e1e40a7214ada1000566
6,5.0,All-receipts receipt bonus,2021-01-03 15:25:02,5.0,FINISHED,5ff1e1cd0a720f052300056f
7,500.0,"Receipt number 2 completed, bonus point schedule DEFAULT (5cefdcacf3693e0b50e83a36)",2021-01-03 15:24:21,500.0,FINISHED,5ff1e1a40a720f0523000569
8,5.0,All-receipts receipt bonus,2021-01-03 15:25:34,5.0,FINISHED,5ff1e1ed0a7214ada100056e
9,250.0,"Receipt number 3 completed, bonus point schedule DEFAULT (5cefdcacf3693e0b50e83a36)",2021-01-03 15:25:31,250.0,FINISHED,5ff1e1eb0a7214ada100056b
10,100.0,"Receipt number 6 completed, bonus point schedule DEFAULT (5cefdcacf3693e0b50e83a36)",2021-01-03 15:24:53,100.0,FINISHED,5ff1e1c50a720f052300056c
11,750.0,"Receipt number 1 completed, bonus point schedule DEFAULT (5cefdcacf3693e0b50e83a36)",2021-01-03 15:24:19,750.0,FINISHED,5ff1e1a10a720f0523000568
12,150.0,"Receipt number 5 completed, bonus point schedule DEFAULT (5cefdcacf3693e0b50e83a36)",,8850.0,FLAGGED,5ff1e1b60a7214ada100055c
13,750.0,"Receipt number 1 completed, bonus point schedule DEFAULT (5cefdcacf3693e0b50e83a36)",2020-10-30 20:18:00,750.0,REJECTED,5f9c74f70a7214ad07000037
14,300.0,"Receipt number 4 completed, bonus point schedule DEFAULT (5cefdcacf3693e0b50e83a36)",2021-01-03 15:24:35,300.0,FINISHED,5ff1e1b20a7214ada100055a
15,,,,,FLAGGED,5ff1e1e90a7214ada1000569
16,750.0,"Receipt number 1 completed, bonus point schedule DEFAULT (5cefdcacf3693e0b50e83a36)",2021-01-03 15:25:19,750.0,FINISHED,5ff1e1df0a7214ada1000564
17,750.0,"Receipt number 1 completed, bonus point schedule DEFAULT (5cefdcacf3693e0b50e83a36)",2021-01-03 15:24:36,750.0,FLAGGED,5ff1e1b40a7214ada100055b
18,300.0,"Receipt number 4 completed, bonus point schedule DEFAULT (5cefdcacf3693e0b50e83a36)",2021-01-03 15:25:32,300.0,FINISHED,5ff1e1eb0a720f0523000576
19,5.0,All-receipts receipt bonus,2021-01-03 15:24:56,5.0,FINISHED,5ff1e1c80a720f052300056d
20,300.0,"Receipt number 4 completed, bonus point schedule DEFAULT (5cefdcacf3693e0b50e83a36)",2021-01-03 15:39:55,389.2,FINISHED,5f9c74f90a7214ad07000038
21,750.0,"Receipt number 1 completed, bonus point schedule DEFAULT (5cefdcacf3693e0b50e83a36)",2021-01-03 15:24:10,750.0,FINISHED,5ff1e1960a720f0523000567
22,150.0,"Receipt number 5 completed, bonus point schedule DEFAULT (5cefdcacf3693e0b50e83a36)",2021-01-03 15:25:32,150.0,FINISHED,5ff1e1ec0a7214ada100056c
23,40.0,COMPLETE_PARTNER_RECEIPT,2021-01-03 15:25:12,185.0,FINISHED,5ff1e1d70a720f0523000571
24,5.0,All-receipts receipt bonus,2021-01-03 15:24:54,5.0,FINISHED,5ff1e1c60a7214ada100055e
25,5.0,All-receipts receipt bonus,2021-01-03 15:25:35,5.0,FINISHED,5ff1e1ee0a7214ada1000570
26,5.0,All-receipts receipt bonus,2021-01-03 15:25:03,5.0,FINISHED,5ff1e1cf0a720f0523000570
27,25.0,COMPLETE_NONPARTNER_RECEIPT,2021-01-03 15:25:21,35.0,FINISHED,5ff1e1e10a720f0523000572
28,,,,,REJECTED,5ff1e1d40a7214ada1000562
29,5.0,All-receipts receipt bonus,2021-01-03 15:25:34,5.0,FINISHED,5ff1e1ee0a720f0523000578
30,300.0,"Receipt number 4 completed, bonus point schedule DEFAULT (5cefdcacf3693e0b50e83a36)",2021-01-04 19:48:20,650.0,FINISHED,5ff371030a7214ada10005a5
31,5.0,All-receipts receipt bonus,2021-01-04 19:34:36,55.0,FINISHED,5ff36dcc0a720f05230005b1
32,,,2021-01-04 19:28:54,500.0,FINISHED,5ff36c750a7214ada100058f
33,45.0,COMPLETE_PARTNER_RECEIPT,2021-01-04 19:33:26,50.0,FINISHED,5ff36d860a720f05230005a7
34,45.0,COMPLETE_PARTNER_RECEIPT,2021-01-04 19:33:51,50.0,FINISHED,5ff36d9f0a720f05230005ab
35,,,2021-01-04 19:22:04,250.0,FINISHED,5ff36adb0a720f0523000590
36,5.0,All-receipts receipt bonus,2021-01-04 19:33:52,5.0,FINISHED,5ff36da00a7214ada100059b
37,5.0,All-receipts receipt bonus,2021-01-04 19:34:28,355.0,FINISHED,5ff36dc40a7214ada100059f
38,100.0,"Receipt number 6 completed, bonus point schedule DEFAULT (5cefdcacf3693e0b50e83a36)",2021-01-04 19:48:28,600.0,FINISHED,5ff3710b0a7214ada10005a7
39,750.0,"Receipt number 1 completed, bonus point schedule DEFAULT (5cefdcacf3693e0b50e83a36)",2021-01-04 19:33:14,1750.0,FINISHED,5ff36d780a7214ada1000593
40,45.0,COMPLETE_PARTNER_RECEIPT,2021-01-04 19:49:21,350.0,FINISHED,5ff371410a7214ada10005ba
41,5.0,All-receipts receipt bonus,2021-01-04 19:29:17,5.0,FINISHED,5ff36c8b0a720f05230005a1
42,750.0,"Receipt number 1 completed, bonus point schedule DEFAULT (5cefdcacf3693e0b50e83a36)",2021-01-04 19:28:21,750.0,FINISHED,5ff36c550a7214ada1000588
43,5.0,All-receipts receipt bonus,2021-01-04 19:21:48,55.0,FINISHED,5ff36acb0a720f052300058d
44,5.0,All-receipts receipt bonus,2021-01-04 19:49:26,5.0,FINISHED,5ff371450a7214ada10005bd
45,100.0,"Receipt number 6 completed, bonus point schedule DEFAULT (5cefdcacf3693e0b50e83a36)",2021-01-04 19:33:49,225.0,FINISHED,5ff36d9d0a720f05230005aa
46,150.0,"Receipt number 5 completed, bonus point schedule DEFAULT (5cefdcacf3693e0b50e83a36)",2021-01-04 19:28:25,275.0,FINISHED,5ff36c590a7214ada1000589
47,25.0,COMPLETE_NONPARTNER_RECEIPT,2021-01-04 04:39:06,25.0,FINISHED,5ff29be20a7214ada1000571
48,25.0,COMPLETE_NONPARTNER_RECEIPT,2021-01-04 16:25:19,25.0,FINISHED,5ff3416f0a7214ada1000576
49,5.0,All-receipts receipt bonus,2021-01-04 19:28:45,5.0,FINISHED,5ff36c6d0a720f0523000597
50,100.0,"Receipt number 6 completed, bonus point schedule DEFAULT (5cefdcacf3693e0b50e83a36)",2021-01-04 19:20:36,100.0,FINISHED,5ff36a830a7214ada100057b
51,250.0,"Receipt number 3 completed, bonus point schedule DEFAULT (5cefdcacf3693e0b50e83a36)",2021-01-04 19:28:23,250.0,FINISHED,5ff36c570a720f0523000593
52,,,2021-01-04 19:49:16,350.0,FINISHED,5ff3713c0a7214ada10005b6
53,45.0,COMPLETE_PARTNER_RECEIPT,2021-01-04 19:48:36,100.0,FINISHED,5ff371130a7214ada10005aa
54,500.0,"Receipt number 2 completed, bonus point schedule DEFAULT (5cefdcacf3693e0b50e83a36)",2021-01-04 19:48:01,500.0,FINISHED,5ff370f00a7214ada10005a3
55,750.0,"Receipt number 1 completed, bonus point schedule DEFAULT (5cefdcacf3693e0b50e83a36)",2021-01-04 19:48:52,755.0,FINISHED,5ff371240a7214ada10005b3
56,5.0,All-receipts receipt bonus,2021-01-04 19:29:17,5.0,FINISHED,5ff36c8d0a7214ada1000591
57,5.0,All-receipts receipt bonus,2021-01-04 19:21:56,55.0,FINISHED,5ff36ad40a7214ada1000585
58,5.0,All-receipts receipt bonus,2021-01-04 19:34:36,5.0,FINISHED,5ff36dcb0a7214ada10005a0
59,25.0,COMPLETE_NONPARTNER_RECEIPT,2021-01-04 16:25:17,25.0,FINISHED,5ff3416d0a7214ada1000575
60,5.0,All-receipts receipt bonus,2021-01-05 20:38:28,5.0,FINISHED,5ff4ce430a7214ada10005d8
61,150.0,"Receipt number 5 completed, bonus point schedule DEFAULT (5cefdcacf3693e0b50e83a36)",2021-01-05 20:38:24,150.0,FINISHED,5ff4ce400a7214ada10005d5
62,750.0,"Receipt number 1 completed, bonus point schedule DEFAULT (5cefdcacf3693e0b50e83a36)",,750.0,REJECTED,5ff4a4ca0a7214ada10005d0
63,5.0,All-receipts receipt bonus,2021-01-05 14:12:47,5.0,FINISHED,5ff473de0a720f05230005bd
64,25.0,COMPLETE_NONPARTNER_RECEIPT,2021-01-05 20:39:41,35.0,FINISHED,5ff4ce8c0a7214ada10005e6
65,750.0,"Receipt number 1 completed, bonus point schedule DEFAULT (5cefdcacf3693e0b50e83a36)",2021-01-05 20:38:22,750.0,FINISHED,5ff4ce3d0a7214ada10005d3
66,45.0,COMPLETE_PARTNER_RECEIPT,2021-01-05 14:12:04,50.0,FINISHED,5ff473b40a7214ada10005c5
67,750.0,"Receipt number 1 completed, bonus point schedule DEFAULT (5cefdcacf3693e0b50e83a36)",2021-01-05 14:13:08,1800.0,FINISHED,5ff473f30a720f05230005c0
68,750.0,"Receipt number 1 completed, bonus point schedule DEFAULT (5cefdcacf3693e0b50e83a36)",2021-01-05 20:38:19,750.0,FINISHED,5ff4ce3a0a7214ada10005d2
69,150.0,"Receipt number 5 completed, bonus point schedule DEFAULT (5cefdcacf3693e0b50e83a36)",2021-01-05 14:11:54,275.0,FINISHED,5ff473a90a7214ada10005c2
70,,,2021-01-05 14:12:01,250.0,FINISHED,5ff473b10a7214ada10005c4
71,,,,,SUBMITTED,5ff475820a7214ada10005cf
72,300.0,"Receipt number 4 completed, bonus point schedule DEFAULT (5cefdcacf3693e0b50e83a36)",2021-01-05 20:38:46,300.0,FINISHED,5ff4ce550a7214ada10005db
73,5.0,All-receipts receipt bonus,2021-01-05 20:38:27,5.0,FINISHED,5ff4ce430a720f05230005c9
74,5.0,All-receipts receipt bonus,2021-01-05 14:12:37,5.0,FINISHED,5ff473d40a7214ada10005c9
75,750.0,"Receipt number 1 completed, bonus point schedule DEFAULT (5cefdcacf3693e0b50e83a36)",2021-01-05 20:39:06,810.0,FLAGGED,5ff4ce690a7214ada10005e2
76,,,2021-01-05 14:13:11,250.0,FINISHED,5ff473f60a7214ada10005ce
77,5.0,All-receipts receipt bonus,2021-01-05 14:12:32,305.0,FINISHED,5ff473cf0a7214ada10005c8
78,750.0,"Receipt number 1 completed, bonus point schedule DEFAULT (5cefdcacf3693e0b50e83a36)",2021-01-05 20:53:40,9449.8,FINISHED,5fa5ad370a720f05ef000089
79,750.0,"Receipt number 1 completed, bonus point schedule DEFAULT (5cefdcacf3693e0b50e83a36)",2021-01-05 20:39:02,750.0,FLAGGED,5ff4ce650a7214ada10005e1
80,45.0,COMPLETE_PARTNER_RECEIPT,2021-01-05 14:12:53,50.0,FINISHED,5ff473e40a7214ada10005cc
81,,,,,FLAGGED,5ff4ce3c0a720f05230005c4
82,5.0,All-receipts receipt bonus,2021-01-05 14:12:32,55.0,FINISHED,5ff473d00a720f05230005bb
83,5.0,All-receipts receipt bonus,2021-01-05 14:12:03,5.0,FINISHED,5ff473b20a720f05230005b7
84,45.0,COMPLETE_PARTNER_RECEIPT,2021-01-05 14:11:57,50.0,FINISHED,5ff473ad0a7214ada10005c3
85,25.0,COMPLETE_NONPARTNER_RECEIPT,2021-01-05 20:39:00,25.0,FINISHED,5ff4ce640a7214ada10005e0
86,300.0,"Receipt number 4 completed, bonus point schedule DEFAULT (5cefdcacf3693e0b50e83a36)",2021-01-05 20:38:24,300.0,FINISHED,5ff4ce3f0a720f05230005c6
87,500.0,"Receipt number 2 completed, bonus point schedule DEFAULT (5cefdcacf3693e0b50e83a36)",2021-01-05 20:38:38,500.0,FINISHED,5ff4ce4e0a7214ada10005da
88,,,2021-01-05 14:12:13,91.2,FINISHED,5ff473bc0a720f05230005b8
89,750.0,"Receipt number 1 completed, bonus point schedule DEFAULT (5cefdcacf3693e0b50e83a36)",2021-01-05 17:55:29,750.0,FINISHED,5ff4a80e0a720f05230005c2
90,5.0,All-receipts receipt bonus,2021-01-06 15:06:03,5.0,FINISHED,5ff5d1da0a7214ada10005f8
91,300.0,"Receipt number 4 completed, bonus point schedule DEFAULT (5cefdcacf3693e0b50e83a36)",2021-01-06 15:05:57,825.0,FINISHED,5ff5d1d40a7214ada10005f4
92,45.0,COMPLETE_PARTNER_RECEIPT,2021-01-06 15:05:05,50.0,FINISHED,5ff5d1a00a7214ada10005ed
93,,,,,SUBMITTED,5ff5ecb90a7214ada10005f9
94,45.0,COMPLETE_PARTNER_RECEIPT,2021-01-06 15:06:11,50.0,FINISHED,5ff5d1e20a720f05230005da
95,5.0,All-receipts receipt bonus,2021-01-06 15:06:09,5.0,FINISHED,5ff5d1e10a720f05230005d9
96,5.0,All-receipts receipt bonus,2021-01-06 15:06:38,55.0,FINISHED,5ff5d1fd0a720f05230005de
97,100.0,"Receipt number 6 completed, bonus point schedule DEFAULT (5cefdcacf3693e0b50e83a36)",2021-01-06 15:06:00,225.0,FINISHED,5ff5d1d80a7214ada10005f6
98,45.0,COMPLETE_PARTNER_RECEIPT,2021-01-06 15:05:02,50.0,FINISHED,5ff5d19d0a7214ada10005ec
99,5.0,All-receipts receipt bonus,2021-01-06 15:06:27,5.0,FINISHED,5ff5d1f20a720f05230005db
100,5.0,All-receipts receipt bonus,2021-01-06 15:06:04,5.0,FINISHED,5ff5d1dc0a720f05230005d6
101,,,2021-01-06 15:06:06,250.0,FINISHED,5ff5d1dd0a720f05230005d7
102,750.0,"Receipt number 1 completed, bonus point schedule DEFAULT (5cefdcacf3693e0b50e83a36)",2021-01-06 15:05:08,755.0,FINISHED,5ff5d1a30a7214ada10005ef
103,5.0,All-receipts receipt bonus,2021-01-06 15:06:53,305.0,FINISHED,5ff5d20c0a720f05230005e3
104,27.0,COMPLETE_PARTNER_RECEIPT,2021-01-06 15:06:34,350.6,FINISHED,5ff5d1fa0a720f05230005dd
105,,,2021-01-06 15:06:01,125.0,FINISHED,5ff5d1d80a7214ada10005f7
106,5.0,All-receipts receipt bonus,2021-01-06 15:06:29,305.0,FINISHED,5ff5d1f40a720f05230005dc
107,,,2021-01-06 15:06:46,50.0,FINISHED,5ff5d2060a720f05230005e0
108,750.0,"Receipt number 1 completed, bonus point schedule DEFAULT (5cefdcacf3693e0b50e83a36)",2021-01-06 20:09:42,793.1,FINISHED,5ff618e30a7214ada10005fa
109,45.0,COMPLETE_PARTNER_RECEIPT,2021-01-06 15:06:47,100.0,FINISHED,5ff5d2060a720f05230005e1
110,5.0,All-receipts receipt bonus,2021-01-06 15:06:08,5.0,FINISHED,5ff5d1df0a720f05230005d8
111,5.0,All-receipts receipt bonus,2021-01-06 15:04:58,5.0,FINISHED,5ff5d1990a7214ada10005ea
112,750.0,"Receipt number 1 completed, bonus point schedule DEFAULT (5cefdcacf3693e0b50e83a36)",2021-01-06 15:05:53,1800.0,FINISHED,5ff5d1d00a7214ada10005f2
113,150.0,"Receipt number 5 completed, bonus point schedule DEFAULT (5cefdcacf3693e0b50e83a36)",2021-01-06 15:05:58,200.0,FINISHED,5ff5d1d60a7214ada10005f5
114,5.0,All-receipts receipt bonus,2021-01-06 15:04:56,5.0,FINISHED,5ff5d1940a7214ada10005e9
115,25.0,COMPLETE_NONPARTNER_RECEIPT,2021-01-06 15:06:43,25.0,FINISHED,5ff5d2030a720f05230005df
116,45.0,COMPLETE_PARTNER_RECEIPT,2021-01-06 15:05:06,50.0,FINISHED,5ff5d1a10a7214ada10005ee
117,750.0,"Receipt number 1 completed, bonus point schedule DEFAULT (5cefdcacf3693e0b50e83a36)",2021-01-06 15:05:00,750.0,FINISHED,5ff5d19c0a7214ada10005eb
118,750.0,"Receipt number 1 completed, bonus point schedule DEFAULT (5cefdcacf3693e0b50e83a36)",2021-01-06 15:05:48,750.0,FINISHED,5ff5d1cb0a7214ada10005f0
119,5.0,All-receipts receipt bonus,2021-01-06 15:06:51,5.0,FINISHED,5ff5d20b0a720f05230005e2
120,750.0,"Receipt number 1 completed, bonus point schedule DEFAULT (5cefdcacf3693e0b50e83a36)",2021-01-07 16:50:45,750.0,FINISHED,5ff73be50a720f0523000608
121,250.0,"Receipt number 3 completed, bonus point schedule DEFAULT (5cefdcacf3693e0b50e83a36)",2021-01-07 17:08:35,3250.0,FINISHED,5ff7946f0a720f052300063c
122,100.0,"Receipt number 6 completed, bonus point schedule DEFAULT (5cefdcacf3693e0b50e83a36)",2021-01-07 15:19:45,100.0,FINISHED,5ff726910a720f05230005f1
123,,,,0.0,FINISHED,5ff774200a7214ada1000638
124,5.0,All-receipts receipt bonus,2021-01-07 18:15:47,5.0,FINISHED,5ff74fd10a720f0523000619
125,25.0,COMPLETE_NONPARTNER_RECEIPT,2021-01-07 16:50:35,25.0,FINISHED,5ff73bdb0a720f0523000605
126,5.0,All-receipts receipt bonus,2021-01-07 17:09:11,4005.0,FINISHED,5ff794940a720f0523000640
127,5.0,All-receipts receipt bonus,2021-01-07 11:06:44,2005.0,FINISHED,5ff794020a720f0523000635
128,300.0,"Receipt number 4 completed, bonus point schedule DEFAULT (5cefdcacf3693e0b50e83a36)",2021-01-07 16:50:52,300.0,FINISHED,5ff73beb0a7214ada100061c
129,25.0,COMPLETE_NONPARTNER_RECEIPT,,25.0,FLAGGED,5ff794bf0a7214ada1000650
130,750.0,"Receipt number 1 completed, bonus point schedule DEFAULT (5cefdcacf3693e0b50e83a36)",2021-01-07 18:15:13,841.2,FINISHED,5ff74faf0a720f0523000613
131,750.0,"Receipt number 1 completed, bonus point schedule DEFAULT (5cefdcacf3693e0b50e83a36)",2021-01-07 17:08:14,5750.0,FINISHED,5ff7945a0a7214ada1000646
132,5.0,All-receipts receipt bonus,2021-01-07 18:16:30,5.0,FINISHED,5ff74ffe0a720f0523000621
133,5.0,All-receipts receipt bonus,2021-01-07 15:19:22,5.0,FINISHED,5ff726790a7214ada1000602
134,750.0,"Receipt number 1 completed, bonus point schedule DEFAULT (5cefdcacf3693e0b50e83a36)",2021-01-07 18:16:37,1800.0,FINISHED,5ff750050a7214ada1000633
135,45.0,COMPLETE_PARTNER_RECEIPT,2021-01-07 18:16:28,350.0,FINISHED,5ff74ffb0a720f0523000620
136,5.0,All-receipts receipt bonus,2021-01-07 18:16:22,5.0,FINISHED,5ff74ff50a720f052300061e
137,750.0,"Receipt number 1 completed, bonus point schedule DEFAULT (5cefdcacf3693e0b50e83a36)",2021-01-07 17:08:26,3750.0,FINISHED,5ff794640a720f052300063b
138,5.0,All-receipts receipt bonus,2021-01-07 15:19:30,5.0,FINISHED,5ff726810a720f05230005ea
139,,,,8700.0,FLAGGED,5ff73be10a7214ada1000619
140,150.0,"Receipt number 5 completed, bonus point schedule DEFAULT (5cefdcacf3693e0b50e83a36)",2021-01-07 16:49:51,150.0,FINISHED,5ff73bae0a720f0523000600
141,,,,,FLAGGED,5ff73be90a720f052300060a
142,750.0,"Receipt number 1 completed, bonus point schedule DEFAULT (5cefdcacf3693e0b50e83a36)",2021-01-07 15:18:51,760.0,FINISHED,5ff7265a0a7214ada10005fb
143,5.0,All-receipts receipt bonus,2021-01-07 05:07:29,2005.0,FINISHED,5ff7942e0a720f0523000637
144,,,,,FLAGGED,5ff794600a7214ada1000647
145,750.0,"Receipt number 1 completed, bonus point schedule DEFAULT (5cefdcacf3693e0b50e83a36)",2021-01-07 15:20:05,810.0,FLAGGED,5ff726a40a720f05230005fa
146,5.0,All-receipts receipt bonus,2021-01-07 05:07:02,2005.0,FINISHED,5ff794130a7214ada1000640
147,250.0,"Receipt number 3 completed, bonus point schedule DEFAULT (5cefdcacf3693e0b50e83a36)",2021-01-07 15:19:01,250.0,FINISHED,5ff726640a720f05230005e6
148,750.0,"Receipt number 1 completed, bonus point schedule DEFAULT (5cefdcacf3693e0b50e83a36)",2021-01-06 23:06:16,780.0,FLAGGED,5ff793dd0a720f0523000633
149,,,,,SUBMITTED,5ff726860a720f05230005ec
150,750.0,"Receipt number 1 completed, bonus point schedule DEFAULT (5cefdcacf3693e0b50e83a36)",2021-01-08 22:18:55,750.0,FINISHED,5ff8da4e0a720f05c5000012
151,500.0,"Receipt number 2 completed, bonus point schedule DEFAULT (5cefdcacf3693e0b50e83a36)",2021-01-08 15:01:50,500.0,FINISHED,5ff873de0a720f0523000648
152,25.0,COMPLETE_NONPARTNER_RECEIPT,2021-01-08 15:02:37,25.0,FINISHED,5ff8740c0a720f0523000659
153,150.0,"Receipt number 5 completed, bonus point schedule DEFAULT (5cefdcacf3693e0b50e83a36)",2021-01-08 22:18:52,150.0,FLAGGED,5ff8da4c0a720f05c5000011
154,5.0,All-receipts receipt bonus,2021-01-08 22:19:50,5.0,FINISHED,5ff8da860a720f05c5000022
155,750.0,"Receipt number 1 completed, bonus point schedule DEFAULT (5cefdcacf3693e0b50e83a36)",2021-01-08 22:19:40,750.0,FINISHED,5ff8da7c0a7214adca000020
156,750.0,"Receipt number 1 completed, bonus point schedule DEFAULT (5cefdcacf3693e0b50e83a36)",2021-01-08 22:19:19,810.0,FLAGGED,5ff8da650a7214adca00001e
157,5.0,All-receipts receipt bonus,2021-01-08 22:19:00,5.0,FINISHED,5ff8da540a7214adca000017
158,500.0,"Receipt number 2 completed, bonus point schedule DEFAULT (5cefdcacf3693e0b50e83a36)",,9200.0,FLAGGED,5ff873f10a720f052300064f
159,25.0,COMPLETE_NONPARTNER_RECEIPT,2021-01-08 15:02:47,25.0,FINISHED,5ff874170a7214ada100065f
160,5.0,All-receipts receipt bonus,2021-01-08 22:19:21,1005.0,FINISHED,5ff8da680a720f05c5000019
161,5.0,All-receipts receipt bonus,2021-01-08 15:01:56,5.0,FINISHED,5ff873e30a720f052300064c
162,250.0,"Receipt number 3 completed, bonus point schedule DEFAULT (5cefdcacf3693e0b50e83a36)",2021-01-08 21:29:15,1999.6,FINISHED,5ff8cea10a7214adca00000b
163,5.0,All-receipts receipt bonus,2021-01-08 15:02:29,5.0,FINISHED,5ff874050a7214ada100065d
164,750.0,"Receipt number 1 completed, bonus point schedule DEFAULT (5cefdcacf3693e0b50e83a36)",2021-01-08 22:19:14,750.0,FLAGGED,5ff8da620a7214adca00001d
165,5.0,All-receipts receipt bonus,2021-01-08 22:19:46,5.0,FINISHED,5ff8da820a720f05c5000020
166,250.0,"Receipt number 3 completed, bonus point schedule DEFAULT (5cefdcacf3693e0b50e83a36)",2021-01-08 22:18:34,350.0,FINISHED,5ff8da390a7214adca000013
167,300.0,"Receipt number 4 completed, bonus point schedule DEFAULT (5cefdcacf3693e0b50e83a36)",2021-01-08 15:01:51,300.0,FINISHED,5ff873df0a7214ada1000652
168,250.0,"Receipt number 3 completed, bonus point schedule DEFAULT (5cefdcacf3693e0b50e83a36)",2021-01-08 22:19:43,250.0,FINISHED,5ff8da7f0a7214adca000022
169,500.0,"Receipt number 2 completed, bonus point schedule DEFAULT (5cefdcacf3693e0b50e83a36)",2021-01-08 22:19:43,500.0,FINISHED,5ff8da7f0a720f05c500001d
170,300.0,"Receipt number 4 completed, bonus point schedule DEFAULT (5cefdcacf3693e0b50e83a36)",2021-01-08 22:19:44,300.0,FINISHED,5ff8da800a720f05c500001e
171,500.0,"Receipt number 2 completed, bonus point schedule DEFAULT (5cefdcacf3693e0b50e83a36)",2021-01-08 20:47:56,600.0,FINISHED,5ff8c4fb0a7214adca000006
172,100.0,"Receipt number 6 completed, bonus point schedule DEFAULT (5cefdcacf3693e0b50e83a36)",2021-01-08 21:44:00,189.2,FINISHED,5fa5b0ca0a720f05ef0000bf
173,250.0,"Receipt number 3 completed, bonus point schedule DEFAULT (5cefdcacf3693e0b50e83a36)",2021-01-08 15:02:17,250.0,FINISHED,5ff873f90a720f0523000651
174,,,,0.0,FINISHED,5ff8c8880a7214adca000008
175,,,,,REJECTED,5ff8da570a720f05c5000015
176,750.0,"Receipt number 1 completed, bonus point schedule DEFAULT (5cefdcacf3693e0b50e83a36)",2021-01-08 15:01:44,750.0,FINISHED,5ff873d40a720f0523000644
177,500.0,"Receipt number 2 completed, bonus point schedule DEFAULT (5cefdcacf3693e0b50e83a36)",2021-01-08 20:43:03,600.0,FINISHED,5ff8c3a20a7214adca000005
178,5.0,All-receipts receipt bonus,2021-01-08 22:19:01,1005.0,FINISHED,5ff8da550a720f05c5000014
179,,,,,FLAGGED,5ff8da7d0a720f05c500001c
180,5.0,All-receipts receipt bonus,2021-01-11 13:28:10,5.0,FINISHED,5ffc98b70a720f05c500003d
181,,,2021-01-11 20:28:05,100.0,FINISHED,5ffcb4d40a7214ad4e000017
182,150.0,"Receipt number 5 completed, bonus point schedule DEFAULT (5cefdcacf3693e0b50e83a36)",2021-01-11 17:50:52,150.0,FINISHED,5ffc8ffc0a720f05c5000036
183,750.0,"Receipt number 1 completed, bonus point schedule DEFAULT (5cefdcacf3693e0b50e83a36)",2021-01-11 18:48:45,750.0,FLAGGED,5ffc9d8c0a7214adca000049
184,5.0,All-receipts receipt bonus,2021-01-11 18:49:08,5.0,FINISHED,5ffc9da40a7214adca000050
185,250.0,"Receipt number 3 completed, bonus point schedule DEFAULT (5cefdcacf3693e0b50e83a36)",2021-01-11 18:49:15,350.0,FINISHED,5ffc9daa0a7214adca000054
186,,,,0.0,FINISHED,5ffc8cc20a720f05c5000026
187,750.0,"Receipt number 1 completed, bonus point schedule DEFAULT (5cefdcacf3693e0b50e83a36)",2021-01-11 18:49:05,750.0,FINISHED,5ffc9da10a720f05c5000043
188,750.0,"Receipt number 1 completed, bonus point schedule DEFAULT (5cefdcacf3693e0b50e83a36)",2021-01-11 20:27:38,750.0,FINISHED,5ffcb4b90a720f051500000c
189,5.0,All-receipts receipt bonus,2021-01-11 14:11:50,5.0,FINISHED,5ffca2f30a720f05c5000054
190,250.0,"Receipt number 3 completed, bonus point schedule DEFAULT (5cefdcacf3693e0b50e83a36)",,8950.0,FLAGGED,5ffcb4900a720f0515000002
191,300.0,"Receipt number 4 completed, bonus point schedule DEFAULT (5cefdcacf3693e0b50e83a36)",2021-01-11 17:49:24,300.0,FINISHED,5ffc8fa40a720f05c5000028
192,5.0,All-receipts receipt bonus,2021-01-11 13:02:19,5.0,FINISHED,5ffc92a20a7214adca000046
193,5.0,All-receipts receipt bonus,2021-01-11 17:50:33,5.0,FINISHED,5ffc8fe80a720f05c5000031
194,500.0,"Receipt number 2 completed, bonus point schedule DEFAULT (5cefdcacf3693e0b50e83a36)",2021-01-11 18:49:06,500.0,FINISHED,5ffc9da10a7214adca00004d
195,,,,,REJECTED,5ffc9dc60a7214adca00005a
196,750.0,"Receipt number 1 completed, bonus point schedule DEFAULT (5cefdcacf3693e0b50e83a36)",2021-01-11 20:26:55,750.0,FLAGGED,5ffcb48d0a7214ad4e000002
197,300.0,"Receipt number 4 completed, bonus point schedule DEFAULT (5cefdcacf3693e0b50e83a36)",2021-01-11 18:49:07,300.0,FINISHED,5ffc9da20a7214adca00004e
198,5.0,All-receipts receipt bonus,2021-01-11 17:49:30,5.0,FINISHED,5ffc8fa90a720f05c500002a
199,25.0,COMPLETE_NONPARTNER_RECEIPT,,25.0,FLAGGED,5ffc9dd00a720f05c5000051
200,5.0,All-receipts receipt bonus,2021-01-11 20:27:25,5.0,FINISHED,5ffcb4ad0a720f0515000009
201,5.0,All-receipts receipt bonus,2021-01-11 20:27:45,5.0,FINISHED,5ffcb4c10a7214ad4e000014
202,750.0,"Receipt number 1 completed, bonus point schedule DEFAULT (5cefdcacf3693e0b50e83a36)",2021-01-11 18:49:02,750.0,FINISHED,5ffc9d9d0a720f05c5000042
203,5.0,All-receipts receipt bonus,,5.0,REJECTED,5ffc9d9c0a7214adca00004b
204,250.0,"Receipt number 3 completed, bonus point schedule DEFAULT (5cefdcacf3693e0b50e83a36)",2021-01-11 17:49:21,250.0,FINISHED,5ffc8fa10a7214adca00002e
205,,,2021-01-11 20:27:53,100.0,FINISHED,5ffcb4c90a7214ad4e000016
206,,,,0.0,FINISHED,5ffc8cb40a720f05c5000025
207,5.0,All-receipts receipt bonus,,5.0,REJECTED,5ffcb4b80a7214ad4e00000d
208,100.0,"Receipt number 6 completed, bonus point schedule DEFAULT (5cefdcacf3693e0b50e83a36)",2021-01-11 20:27:14,100.0,FINISHED,5ffcb4a20a720f0515000006
209,750.0,"Receipt number 1 completed, bonus point schedule DEFAULT (5cefdcacf3693e0b50e83a36)",2021-01-11 17:49:18,885.0,FINISHED,5ffc8f990a7214adca00002d
210,,,,,PENDING,5ffe1cbe0a7214ad28002843
211,,,,,PENDING,5ffce7db0a720f051500236e
212,,,,,SUBMITTED,5ffce8570a7214ad4e003e6f
213,,,,,PENDING,5ffce8310a7214ad4e003797
214,,,,,PENDING,5ffe19d90a7214ad28000e62
215,,,,,PENDING,5ffe1d030a720f05ac002c9e
216,,,,,SUBMITTED,5ffce8250a7214ad4e0034de
217,,,,,SUBMITTED,5ffcefb00a720f0515005e8d
218,,,,,PENDING,5ffce76e0a720f0515000b48
219,,,,,PENDING,5ffe23560a720f05ac006874
220,,,,,PENDING,5ffe22a20a720f05ac0061d7
221,,,,,PENDING,5ffe1dc20a7214ad28003180
222,,,,,SUBMITTED,5ffce88b0a7214ad4e004b22
223,,,,,SUBMITTED,5ffce7a70a720f05150016b0
224,,,,,PENDING,5ffe1aa90a7214ad280015e8
225,,,,,PENDING,5ffcef5a0a720f0515004f1a
226,,,,,PENDING,5ffe23d70a7214ad280068f6
227,,,,,PENDING,5ffe18b10a7214ad280003d1
228,,,,,PENDING,5ffcef630a720f05150050ae
229,,,,,SUBMITTED,5ffce7ae0a7214ad4e001851
230,,,,,SUBMITTED,5ffce8150a7214ad4e0030a3
231,,,,,PENDING,5ffe20290a720f05ac004a84
232,,,,,PENDING,5ffe1c520a7214ad2800245c
233,,,,,PENDING,5ffe1b630a7214ad28001c79
234,,,,,SUBMITTED,5ffce8250a720f0515003510
235,,,,,PENDING,5ffe1fa40a7214ad2800427f
236,,,,,SUBMITTED,5ffce78c0a7214ad4e001045
237,,,,,PENDING,5ffe23cf0a720f05ac006cc2
238,,,,,PENDING,5ffcef570a720f0515004e91
239,,,,,SUBMITTED,5ffce8000a7214ad4e002b57
240,5.0,All-receipts receipt bonus,2021-01-13 16:58:43,5.0,FINISHED,5fff26c20a7214ad4c00000a
241,5.0,All-receipts receipt bonus,2021-01-13 15:19:00,55.0,FINISHED,5fff0f630a7214ad28006e2d
242,45.0,COMPLETE_PARTNER_RECEIPT,2021-01-13 20:21:12,50.0,FINISHED,5fff56370a720f05f3000033
243,,,2021-01-13 19:40:17,800.0,FINISHED,5fff4ca00a7214ad4c000029
244,25.0,COMPLETE_NONPARTNER_RECEIPT,2021-01-13 16:59:26,25.0,FINISHED,5fff26ee0a720f05f300001a
245,,,2021-01-13 19:40:02,250.0,FINISHED,5fff4c910a720f05f3000026
246,750.0,"Receipt number 1 completed, bonus point schedule DEFAULT (5cefdcacf3693e0b50e83a36)",,750.0,REJECTED,5ffe17e20a720f05ac0000e7
247,750.0,"Receipt number 1 completed, bonus point schedule DEFAULT (5cefdcacf3693e0b50e83a36)",2021-01-13 20:20:45,1750.0,FINISHED,5fff561b0a720f05f300002e
248,5.0,All-receipts receipt bonus,2021-01-13 16:59:41,2005.0,FLAGGED,5fff26fd0a720f05f300001d
249,25.0,COMPLETE_NONPARTNER_RECEIPT,2021-01-13 16:59:41,35.0,FINISHED,5fff26fb0a7214ad4c000019
250,45.0,COMPLETE_PARTNER_RECEIPT,2021-01-13 20:21:30,50.0,FINISHED,5fff564a0a7214ad4c000030
251,45.0,COMPLETE_PARTNER_RECEIPT,2021-01-13 19:39:58,50.0,FINISHED,5fff4c8e0a720f05f3000025
252,250.0,"Receipt number 3 completed, bonus point schedule DEFAULT (5cefdcacf3693e0b50e83a36)",2021-01-13 19:39:46,250.0,FINISHED,5fff4c810a720f05f3000023
253,5.0,All-receipts receipt bonus,2021-01-13 19:39:55,5.0,FINISHED,5fff4c8a0a7214ad4c000025
254,5.0,All-receipts receipt bonus,2021-01-13 19:39:57,5.0,FINISHED,5fff4c8c0a7214ad4c000026
255,,,2021-01-13 20:21:33,250.0,FINISHED,5fff564d0a720f05f3000038
256,150.0,"Receipt number 5 completed, bonus point schedule DEFAULT (5cefdcacf3693e0b50e83a36)",2021-01-13 16:58:53,295.0,FINISHED,5fff26cb0a7214ad4c00000e
257,45.0,COMPLETE_PARTNER_RECEIPT,2021-01-13 19:40:26,100.0,FINISHED,5fff4ca90a720f05f300002a
258,5.0,All-receipts receipt bonus,2021-01-13 15:19:40,305.0,FINISHED,5fff0f8c0a7214ad28006e32
259,750.0,"Receipt number 1 completed, bonus point schedule DEFAULT (5cefdcacf3693e0b50e83a36)",2021-01-13 16:58:04,750.0,FINISHED,5fff26990a720f05f300000b
260,5.0,All-receipts receipt bonus,2021-01-13 16:58:45,5.0,FINISHED,5fff26c40a720f05f3000014
261,5.0,All-receipts receipt bonus,2021-01-13 16:59:03,5.0,FINISHED,5fff26d70a7214ad4c00000f
262,5.0,All-receipts receipt bonus,2021-01-13 16:58:46,5.0,FINISHED,5fff26c60a7214ad4c00000c
263,45.0,COMPLETE_PARTNER_RECEIPT,2021-01-13 15:19:55,50.0,FINISHED,5fff0f990a7214ad28006e36
264,5.0,All-receipts receipt bonus,2021-01-13 20:22:06,5.0,FINISHED,5fff566e0a720f05f300003f
265,,,,8700.0,FLAGGED,5fff26f10a7214ad4c000018
266,5.0,All-receipts receipt bonus,2021-01-13 19:39:31,5.0,FINISHED,5fff4c710a7214ad4c00001d
267,5.0,All-receipts receipt bonus,2021-01-13 20:21:03,5.0,FINISHED,5fff562e0a720f05f300002f
268,,,2021-01-13 19:40:07,91.2,FINISHED,5fff4c960a720f05f3000027
269,750.0,"Receipt number 1 completed, bonus point schedule DEFAULT (5cefdcacf3693e0b50e83a36)",2021-01-13 19:39:42,750.0,FINISHED,5fff4c7d0a720f05f3000022
270,5.0,All-receipts receipt bonus,2021-01-14 21:32:41,5.0,FINISHED,6000b8770a720f05f3000069
271,5.0,All-receipts receipt bonus,2021-01-14 23:33:05,5.0,FINISHED,6000d4b10a720f05f3000076
272,750.0,"Receipt number 1 completed, bonus point schedule DEFAULT (5cefdcacf3693e0b50e83a36)",2021-01-14 21:32:52,750.0,FINISHED,6000b8840a720f05f300006c
273,5.0,All-receipts receipt bonus,2021-01-14 21:31:21,5.0,FINISHED,6000b8280a720f05f3000061
274,45.0,COMPLETE_PARTNER_RECEIPT,2021-01-14 21:32:50,50.0,FINISHED,6000b8810a7214ad4c00005e
275,500.0,"Receipt number 2 completed, bonus point schedule DEFAULT (5cefdcacf3693e0b50e83a36)",2021-01-14 23:32:31,500.0,FINISHED,6000d48d0a7214ad4c000063
276,5.0,All-receipts receipt bonus,2021-01-14 23:33:04,5.0,FINISHED,6000d4b00a7214ad4c00006c
277,,,,,REJECTED,6000d4d30a720f05f3000081
278,5.0,All-receipts receipt bonus,2021-01-14 21:32:46,5.0,FINISHED,6000b87d0a7214ad4c00005d
279,150.0,"Receipt number 5 completed, bonus point schedule DEFAULT (5cefdcacf3693e0b50e83a36)",2021-01-14 21:08:22,682.4,FINISHED,6000b2be0a7214ad4c00004d
280,,,2021-01-14 22:40:15,837.4,FINISHED,6000c8460a720f05f300006f
281,100.0,"Receipt number 6 completed, bonus point schedule DEFAULT (5cefdcacf3693e0b50e83a36)",2021-01-14 23:33:03,100.0,FINISHED,6000d4ae0a720f05f3000075
282,,,,,FLAGGED,6000d4aa0a720f05f3000072
283,,,2021-01-14 21:38:06,237.8,FINISHED,6000b9b70a720f05f300006d
284,25.0,COMPLETE_NONPARTNER_RECEIPT,2021-01-14 14:36:15,160.0,FINISHED,600056de0a720f05f3000049
285,,,2021-01-14 21:31:27,250.0,FINISHED,6000b82f0a720f05f3000063
286,,,,,SUBMITTED,6000accd0a7214ad4c00004b
287,750.0,"Receipt number 1 completed, bonus point schedule DEFAULT (5cefdcacf3693e0b50e83a36)",2021-01-14 23:32:18,750.0,FINISHED,6000d4810a720f05f3000070
288,750.0,"Receipt number 1 completed, bonus point schedule DEFAULT (5cefdcacf3693e0b50e83a36)",2021-01-14 14:36:53,750.0,FINISHED,600057040a7214ad4c000041
289,5.0,All-receipts receipt bonus,,5.0,REJECTED,6000d4b50a720f05f3000078
290,750.0,"Receipt number 1 completed, bonus point schedule DEFAULT (5cefdcacf3693e0b50e83a36)",2021-01-14 23:33:15,750.0,FLAGGED,6000d4ba0a720f05f300007a
291,,,,,SUBMITTED,6000c74b0a7214ad4c000060
292,750.0,"Receipt number 1 completed, bonus point schedule DEFAULT (5cefdcacf3693e0b50e83a36)",2021-01-14 14:36:08,810.0,FLAGGED,600056d60a720f05f3000047
293,250.0,"Receipt number 3 completed, bonus point schedule DEFAULT (5cefdcacf3693e0b50e83a36)",2021-01-14 23:32:33,350.0,FINISHED,6000d4900a7214ad4c000064
294,,,,8700.0,FLAGGED,6000d4bc0a7214ad4c000070
295,,,,,REJECTED,600082b40a720f05f3000058
296,250.0,"Receipt number 3 completed, bonus point schedule DEFAULT (5cefdcacf3693e0b50e83a36)",2021-01-14 23:33:01,250.0,FINISHED,6000d4ac0a7214ad4c000069
297,5.0,All-receipts receipt bonus,2021-01-14 14:36:10,5.0,FINISHED,600056da0a720f05f3000048
298,5.0,All-receipts receipt bonus,2021-01-14 21:32:10,5.0,FINISHED,6000b8590a7214ad4c000057
299,25.0,COMPLETE_NONPARTNER_RECEIPT,,25.0,FLAGGED,600056ea0a720f05f300004b
300,,,,,SUBMITTED,600205f60a7214ad4c00007b
301,750.0,"Receipt number 1 completed, bonus point schedule DEFAULT (5cefdcacf3693e0b50e83a36)",2021-01-15 21:17:17,855.7,FINISHED,600206000a720f05f3000087
302,,,,,SUBMITTED,6001bb110a720f05f3000085
303,500.0,"Receipt number 2 completed, bonus point schedule DEFAULT (5cefdcacf3693e0b50e83a36)",2021-01-15 21:26:19,605.7,FINISHED,600208270a720f05f3000088
304,,,,,SUBMITTED,6001e3a80a7214ad4c000078
305,750.0,"Receipt number 1 completed, bonus point schedule DEFAULT (5cefdcacf3693e0b50e83a36)",2021-01-16 23:29:50,2416.7,FINISHED,600373700a720f05f3000091
306,750.0,"Receipt number 1 completed, bonus point schedule DEFAULT (5cefdcacf3693e0b50e83a36)",2021-01-16 01:24:04,1806.4,FINISHED,60023e8f0a720f05f300008b
307,,,,,SUBMITTED,600247cd0a7214ad4c00007e
308,,,,,SUBMITTED,60025eb70a720f05f300008e
309,300.0,"Receipt number 4 completed, bonus point schedule DEFAULT (5cefdcacf3693e0b50e83a36)",2021-01-15 21:49:45,405.7,FINISHED,60020d2a0a720f05f300008a
310,750.0,"Receipt number 1 completed, bonus point schedule DEFAULT (5cefdcacf3693e0b50e83a36)",2021-01-16 03:18:55,1516.9,FINISHED,6002590c0a7214ad4c000082
311,,,,,SUBMITTED,600254550a720f05f300008c
312,,,,,SUBMITTED,60024fa00a7214ad4c00007f
313,,,,,SUBMITTED,60025f550a7214ad4c000084
314,750.0,"Receipt number 1 completed, bonus point schedule DEFAULT (5cefdcacf3693e0b50e83a36)",2021-01-16 03:31:55,1658.3,FINISHED,60025cb80a720f05f300008d
315,750.0,"Receipt number 1 completed, bonus point schedule DEFAULT (5cefdcacf3693e0b50e83a36)",2021-01-16 23:09:03,2685.8,FINISHED,600370250a720f05f3000090
316,750.0,"Receipt number 1 completed, bonus point schedule DEFAULT (5cefdcacf3693e0b50e83a36)",2021-01-16 03:07:00,879.1,FINISHED,6002584e0a7214ad4c000081
317,250.0,"Receipt number 3 completed, bonus point schedule DEFAULT (5cefdcacf3693e0b50e83a36)",2021-01-15 21:43:05,250.0,FINISHED,60020af60a720f05f3000089
318,750.0,"Receipt number 1 completed, bonus point schedule DEFAULT (5cefdcacf3693e0b50e83a36)",2021-01-16 03:47:26,3659.4,FINISHED,600260210a720f05f300008f
319,,,,,SUBMITTED,600498e60a720f05f3000093
320,750.0,"Receipt number 1 completed, bonus point schedule DEFAULT (5cefdcacf3693e0b50e83a36)",2021-01-17 00:03:15,934.4,FINISHED,60037b500a7214ad4c000086
321,750.0,"Receipt number 1 completed, bonus point schedule DEFAULT (5cefdcacf3693e0b50e83a36)",2021-01-17 21:09:44,877.7,FINISHED,6004a5f20a7214ad4c000088
322,,,,,SUBMITTED,600496350a7214ad4c000087
323,,,,,SUBMITTED,60048e120a720f05f3000092
324,750.0,"Receipt number 1 completed, bonus point schedule DEFAULT (5cefdcacf3693e0b50e83a36)",2021-01-17 20:40:36,922.1,FINISHED,60049d9d0a720f05f3000094
325,750.0,"Receipt number 1 completed, bonus point schedule DEFAULT (5cefdcacf3693e0b50e83a36)",,800.0,FLAGGED,6005ee0e0a7214ad4c000089
326,,,,,SUBMITTED,6005b60f0a720f05f3000096
327,750.0,"Receipt number 1 completed, bonus point schedule DEFAULT (5cefdcacf3693e0b50e83a36)",2021-01-17 21:26:38,1541.8,FINISHED,6004a99e0a720f05f3000095
328,,,,,SUBMITTED,6005f5450a720f05f3000097
329,750.0,"Receipt number 1 completed, bonus point schedule DEFAULT (5cefdcacf3693e0b50e83a36)",2021-01-18 20:26:54,750.0,FINISHED,6001f2470a7214ad4c00007a
330,5.0,All-receipts receipt bonus,2021-01-19 21:14:40,5.0,FINISHED,60074bbf0a720f05fa000039
331,750.0,"Receipt number 1 completed, bonus point schedule DEFAULT (5cefdcacf3693e0b50e83a36)",2021-01-19 20:33:06,1000.0,FINISHED,600741fe0a7214ad89000001
332,5.0,All-receipts receipt bonus,2021-01-19 21:13:47,5.0,FINISHED,60074b8b0a7214ad89000029
333,750.0,"Receipt number 1 completed, bonus point schedule DEFAULT (5cefdcacf3693e0b50e83a36)",2021-01-19 20:34:05,755.0,FINISHED,6007423c0a720f05fa000001
334,,,2021-01-19 21:00:20,350.0,FINISHED,600748640a720f05fa000026
335,,,2021-01-19 21:14:37,125.0,FINISHED,60074bbd0a7214ad89000031
336,45.0,COMPLETE_PARTNER_RECEIPT,2021-01-19 20:53:35,50.0,FINISHED,600746ce0a720f05fa000017
337,5.0,All-receipts receipt bonus,2021-01-19 20:34:39,5.0,FINISHED,6007425e0a720f05fa00000a
338,45.0,COMPLETE_PARTNER_RECEIPT,2021-01-19 21:13:56,50.0,FINISHED,60074b930a7214ad8900002d
339,45.0,COMPLETE_PARTNER_RECEIPT,2021-01-19 20:54:20,50.0,FINISHED,600746fb0a7214ad8900001b
340,250.0,"Receipt number 3 completed, bonus point schedule DEFAULT (5cefdcacf3693e0b50e83a36)",2021-01-19 20:34:18,250.0,FINISHED,600742490a720f05fa000004
341,5.0,All-receipts receipt bonus,2021-01-19 21:14:51,5.0,FINISHED,60074bcb0a7214ad89000037
342,150.0,"Receipt number 5 completed, bonus point schedule DEFAULT (5cefdcacf3693e0b50e83a36)",2021-01-19 20:34:21,150.0,FINISHED,6007424d0a720f05fa000006
343,5.0,All-receipts receipt bonus,2021-01-19 21:13:53,5.0,FINISHED,60074b900a7214ad8900002b
344,5.0,All-receipts receipt bonus,2021-01-19 21:14:53,5.0,FINISHED,60074bcc0a7214ad89000038
345,750.0,"Receipt number 1 completed, bonus point schedule DEFAULT (5cefdcacf3693e0b50e83a36)",2021-01-19 20:54:21,755.0,FINISHED,600746fd0a720f05fa00001f
346,500.0,"Receipt number 2 completed, bonus point schedule DEFAULT (5cefdcacf3693e0b50e83a36)",2021-01-19 14:55:29,574.4,FINISHED,6006f2d10a7214ad4c00008b
347,27.0,COMPLETE_PARTNER_RECEIPT,2021-01-19 20:54:02,50.6,FINISHED,600746ea0a720f05fa00001b
348,5.0,All-receipts receipt bonus,2021-01-19 20:53:45,5.0,FINISHED,600746d90a7214ad89000015
349,5.0,All-receipts receipt bonus,2021-01-19 20:53:27,5.0,FINISHED,600746c60a7214ad89000011
350,5.0,All-receipts receipt bonus,2021-01-19 20:53:33,5.0,FINISHED,600746cd0a7214ad89000013
351,45.0,COMPLETE_PARTNER_RECEIPT,2021-01-19 20:34:11,50.0,FINISHED,600742420a720f05fa000003
352,5.0,All-receipts receipt bonus,2021-01-19 20:53:30,5.0,FINISHED,600746c90a7214ad89000012
353,300.0,"Receipt number 4 completed, bonus point schedule DEFAULT (5cefdcacf3693e0b50e83a36)",2021-01-19 20:53:20,300.0,FINISHED,600746c00a7214ad8900000f
354,5.0,All-receipts receipt bonus,2021-01-19 21:13:52,5.0,FINISHED,60074b8e0a7214ad8900002a
355,300.0,"Receipt number 4 completed, bonus point schedule DEFAULT (5cefdcacf3693e0b50e83a36)",2021-01-19 21:13:34,300.0,FINISHED,60074b7d0a720f05fa000037
356,750.0,"Receipt number 1 completed, bonus point schedule DEFAULT (5cefdcacf3693e0b50e83a36)",2021-01-19 21:14:02,750.0,FINISHED,60074b9a0a7214ad89000030
357,5.0,All-receipts receipt bonus,2021-01-19 21:13:59,5.0,FINISHED,60074b960a7214ad8900002e
358,5.0,All-receipts receipt bonus,2021-01-19 20:54:01,5.0,FINISHED,600746e80a7214ad89000017
359,5.0,All-receipts receipt bonus,2021-01-19 21:14:47,5.0,FINISHED,60074bc60a7214ad89000034
360,750.0,"Receipt number 1 completed, bonus point schedule DEFAULT (5cefdcacf3693e0b50e83a36)",2021-01-20 19:59:35,2055.5,FINISHED,60088a100a7214ad890000bd
361,750.0,"Receipt number 1 completed, bonus point schedule DEFAULT (5cefdcacf3693e0b50e83a36)",2021-01-20 20:06:53,5850.0,FINISHED,60088d5d0a7214ad890000ed
362,250.0,"Receipt number 3 completed, bonus point schedule DEFAULT (5cefdcacf3693e0b50e83a36)",2021-01-20 19:41:11,250.0,FINISHED,600887560a720f05fa000098
363,5.0,All-receipts receipt bonus,2021-01-20 19:53:50,5.0,FINISHED,60088a4e0a720f05fa0000da
364,5.0,All-receipts receipt bonus,2021-01-20 20:11:44,5.0,FINISHED,60088e7f0a720f05fa00011e
365,5.0,All-receipts receipt bonus,2021-01-20 14:14:13,5.0,FINISHED,60083ab50a7214ad89000049
366,750.0,"Receipt number 1 completed, bonus point schedule DEFAULT (5cefdcacf3693e0b50e83a36)",2021-01-20 19:53:44,4850.0,FINISHED,60088a460a720f05fa0000d5
367,150.0,"Receipt number 5 completed, bonus point schedule DEFAULT (5cefdcacf3693e0b50e83a36)",2021-01-20 14:44:43,173.6,FINISHED,600841da0a7214ad89000051
368,,,2021-01-20 16:34:50,250.0,FINISHED,60085ba90a720f05fa00006a
369,,,,,REJECTED,6008878f0a7214ad8900007b
370,,,2021-01-20 17:03:24,50.0,FINISHED,6008625b0a7214ad89000063
371,,,,,REJECTED,60088d920a720f05fa000109
372,5.0,All-receipts receipt bonus,2021-01-20 19:42:38,5.0,FINISHED,600887ae0a7214ad8900008a
373,300.0,"Receipt number 4 completed, bonus point schedule DEFAULT (5cefdcacf3693e0b50e83a36)",2021-01-20 19:53:46,300.0,FINISHED,60088a490a720f05fa0000d6
374,750.0,"Receipt number 1 completed, bonus point schedule DEFAULT (5cefdcacf3693e0b50e83a36)",2021-01-20 20:06:49,9850.0,FINISHED,60088d580a7214ad890000eb
375,100.0,"Receipt number 6 completed, bonus point schedule DEFAULT (5cefdcacf3693e0b50e83a36)",2021-01-20 19:41:44,100.0,FINISHED,600887770a7214ad89000075
376,5.0,All-receipts receipt bonus,2021-01-20 19:53:50,5.0,FINISHED,60088a4d0a7214ad890000c7
377,150.0,"Receipt number 5 completed, bonus point schedule DEFAULT (5cefdcacf3693e0b50e83a36)",2021-01-20 20:06:56,150.0,FINISHED,60088d600a7214ad890000ef
378,5.0,All-receipts receipt bonus,2021-01-20 19:46:23,5.0,FINISHED,6008888f0a720f05fa0000b5
379,5.0,All-receipts receipt bonus,2021-01-20 19:54:15,5.0,FINISHED,60088a670a720f05fa0000e0
380,21.0,COMPLETE_PARTNER_RECEIPT,2021-01-20 01:35:30,50.9,FINISHED,600788cd0a7214ad8900003a
381,,,2021-01-20 16:34:53,250.0,FINISHED,60085bad0a720f05fa00006c
382,5.0,All-receipts receipt bonus,2021-01-20 20:11:20,5.0,FINISHED,60088e670a720f05fa00011d
383,,,,,SUBMITTED,600887970a7214ad8900007c
384,150.0,"Receipt number 5 completed, bonus point schedule DEFAULT (5cefdcacf3693e0b50e83a36)",2021-01-20 19:53:46,150.0,FINISHED,60088a4a0a7214ad890000c5
385,300.0,"Receipt number 4 completed, bonus point schedule DEFAULT (5cefdcacf3693e0b50e83a36)",2021-01-20 17:03:06,350.0,FINISHED,600862490a720f05fa000072
386,300.0,"Receipt number 4 completed, bonus point schedule DEFAULT (5cefdcacf3693e0b50e83a36)",2021-01-20 19:56:40,2300.0,FINISHED,60088af80a7214ad890000d6
387,300.0,"Receipt number 4 completed, bonus point schedule DEFAULT (5cefdcacf3693e0b50e83a36)",2021-01-20 20:06:56,300.0,FINISHED,60088d5f0a720f05fa0000fc
388,100.0,"Receipt number 6 completed, bonus point schedule DEFAULT (5cefdcacf3693e0b50e83a36)",2021-01-20 17:03:15,100.0,FINISHED,600862530a720f05fa000074
389,5.0,All-receipts receipt bonus,,5.0,REJECTED,60088aff0a7214ad890000da
390,500.0,"Receipt number 2 completed, bonus point schedule DEFAULT (5cefdcacf3693e0b50e83a36)",2021-01-21 03:20:00,673.0,FINISHED,6008f2be0a720f05fa000129
391,150.0,"Receipt number 5 completed, bonus point schedule DEFAULT (5cefdcacf3693e0b50e83a36)",2021-01-21 21:46:05,405.9,FINISHED,6009f5ea0a7214ada2000004
392,750.0,"Receipt number 1 completed, bonus point schedule DEFAULT (5cefdcacf3693e0b50e83a36)",2021-01-21 02:59:58,760.0,FINISHED,6008ee0e0a7214ad89000125
393,5.0,All-receipts receipt bonus,2021-01-21 13:58:56,5.0,FINISHED,6009889f0a7214ad89000133
394,,,,,SUBMITTED,6009f9000a7214ada2000005
395,5.0,All-receipts receipt bonus,2021-01-21 13:58:59,5.0,FINISHED,600988a30a720f05fa000132
396,250.0,"Receipt number 3 completed, bonus point schedule DEFAULT (5cefdcacf3693e0b50e83a36)",2021-01-21 20:59:06,250.0,FINISHED,6009eb000a7214ada2000003
397,750.0,"Receipt number 1 completed, bonus point schedule DEFAULT (5cefdcacf3693e0b50e83a36)",2021-01-21 14:52:09,2143.3,FINISHED,600992f90a720f05fa000133
398,300.0,"Receipt number 4 completed, bonus point schedule DEFAULT (5cefdcacf3693e0b50e83a36)",2021-01-21 21:42:18,300.0,FINISHED,6009f5200a720f0535000005
399,250.0,"Receipt number 3 completed, bonus point schedule DEFAULT (5cefdcacf3693e0b50e83a36)",2021-01-21 13:58:27,300.0,FINISHED,600988820a7214ad8900012b
400,45.0,COMPLETE_PARTNER_RECEIPT,2021-01-21 13:57:43,1550.0,FINISHED,600988560a7214ad89000127
401,,,2021-01-21 13:58:50,125.0,FINISHED,6009889a0a720f05fa00012f
402,750.0,"Receipt number 1 completed, bonus point schedule DEFAULT (5cefdcacf3693e0b50e83a36)",2021-01-21 03:16:28,986.5,FINISHED,6008f09d0a720f05fa000128
403,45.0,COMPLETE_PARTNER_RECEIPT,2021-01-21 13:57:47,50.0,FINISHED,6009885a0a7214ad89000129
404,5.0,All-receipts receipt bonus,2021-01-21 13:58:48,5.0,FINISHED,600988980a7214ad89000130
405,100.0,"Receipt number 6 completed, bonus point schedule DEFAULT (5cefdcacf3693e0b50e83a36)",2021-01-21 13:58:41,100.0,FINISHED,600988900a7214ad8900012e
406,500.0,"Receipt number 2 completed, bonus point schedule DEFAULT (5cefdcacf3693e0b50e83a36)",2021-01-21 15:42:10,583.4,FINISHED,6009a0b90a7214ada2000001
407,750.0,"Receipt number 1 completed, bonus point schedule DEFAULT (5cefdcacf3693e0b50e83a36)",2021-01-21 15:28:37,4480.5,FINISHED,60099c3c0a7214ad89000135
408,,,,,FLAGGED,6008f3270a720f05fa00012a
409,750.0,"Receipt number 1 completed, bonus point schedule DEFAULT (5cefdcacf3693e0b50e83a36)",2021-01-21 20:47:42,3379.9,FINISHED,6009e72c0a720f0535000003
410,,,2021-01-21 13:58:58,250.0,FINISHED,600988a10a720f05fa000131
411,,,,,SUBMITTED,6009fd790a720f0535000006
412,300.0,"Receipt number 4 completed, bonus point schedule DEFAULT (5cefdcacf3693e0b50e83a36)",2021-01-21 13:58:32,323.6,FINISHED,600988870a7214ad8900012c
413,5.0,All-receipts receipt bonus,2021-01-21 13:58:54,5.0,FINISHED,6009889e0a720f05fa000130
414,750.0,"Receipt number 1 completed, bonus point schedule DEFAULT (5cefdcacf3693e0b50e83a36)",2021-01-21 13:57:30,750.0,FINISHED,600988480a720f05fa00012b
415,750.0,"Receipt number 1 completed, bonus point schedule DEFAULT (5cefdcacf3693e0b50e83a36)",2021-01-21 13:57:49,750.0,FINISHED,6009885c0a7214ad8900012a
416,750.0,"Receipt number 1 completed, bonus point schedule DEFAULT (5cefdcacf3693e0b50e83a36)",2021-01-21 13:57:41,750.0,FINISHED,600988550a720f05fa00012e
417,5.0,All-receipts receipt bonus,2021-01-21 13:57:38,5.0,FINISHED,600988510a720f05fa00012c
418,,,,,SUBMITTED,6008ea160a720f05fa000126
419,750.0,"Receipt number 1 completed, bonus point schedule DEFAULT (5cefdcacf3693e0b50e83a36)",2021-01-21 15:11:25,6257.3,FINISHED,600996ac0a720f05fa000134
420,750.0,"Receipt number 1 completed, bonus point schedule DEFAULT (5cefdcacf3693e0b50e83a36)",2021-01-22 20:35:47,750.0,FINISHED,600b34ca0a7214ada200000c
421,750.0,"Receipt number 1 completed, bonus point schedule DEFAULT (5cefdcacf3693e0b50e83a36)",2021-01-22 20:01:34,2497.7,FINISHED,600b2dd60a7214ada200000b
422,250.0,"Receipt number 3 completed, bonus point schedule DEFAULT (5cefdcacf3693e0b50e83a36)",2021-01-22 16:40:22,250.0,FINISHED,600affe60a7214ada2000009
423,750.0,"Receipt number 1 completed, bonus point schedule DEFAULT (5cefdcacf3693e0b50e83a36)",2021-01-22 00:30:13,1178.7,FINISHED,600a1a8d0a7214ada2000008
424,500.0,"Receipt number 2 completed, bonus point schedule DEFAULT (5cefdcacf3693e0b50e83a36)",2021-01-22 16:37:01,500.0,FINISHED,600aff160a720f053500000c
425,750.0,"Receipt number 1 completed, bonus point schedule DEFAULT (5cefdcacf3693e0b50e83a36)",2021-01-22 16:30:46,1447.0,FINISHED,600afbd90a720f053500000b
426,750.0,"Receipt number 1 completed, bonus point schedule DEFAULT (5cefdcacf3693e0b50e83a36)",2021-01-22 21:32:17,1729.5,FINISHED,600b420b0a7214ada200000d
427,750.0,"Receipt number 1 completed, bonus point schedule DEFAULT (5cefdcacf3693e0b50e83a36)",2021-01-22 16:11:00,1476.2,FINISHED,600af82f0a720f053500000a
428,750.0,"Receipt number 1 completed, bonus point schedule DEFAULT (5cefdcacf3693e0b50e83a36)",2021-01-22 20:58:20,1708.0,FINISHED,600b39f60a720f053500000e
429,750.0,"Receipt number 1 completed, bonus point schedule DEFAULT (5cefdcacf3693e0b50e83a36)",2021-01-22 18:14:47,1077.5,FINISHED,600b139e0a7214ada200000a
430,750.0,"Receipt number 1 completed, bonus point schedule DEFAULT (5cefdcacf3693e0b50e83a36)",2021-01-22 00:48:12,1135.1,FINISHED,600a1e270a720f0535000009
431,750.0,"Receipt number 1 completed, bonus point schedule DEFAULT (5cefdcacf3693e0b50e83a36)",2021-01-23 04:39:28,1044.3,FINISHED,600ba6ae0a7214ada2000010
432,,,,,SUBMITTED,600b89630a720f0535000011
433,5.0,All-receipts receipt bonus,2021-01-25 22:11:03,5.0,FINISHED,600f41f60a7214ada2000037
434,750.0,"Receipt number 1 completed, bonus point schedule DEFAULT (5cefdcacf3693e0b50e83a36)",2021-01-25 14:24:02,750.0,FINISHED,600ed4820a720f0535000015
435,5.0,All-receipts receipt bonus,2021-01-25 14:23:59,5.0,FINISHED,600ed47e0a7214ada2000014
436,45.0,COMPLETE_PARTNER_RECEIPT,2021-01-25 14:24:31,50.0,FINISHED,600ed49e0a7214ada200001b
437,5.0,All-receipts receipt bonus,2021-01-25 22:39:17,5.0,FINISHED,600f48940a720f0535000043
438,150.0,"Receipt number 5 completed, bonus point schedule DEFAULT (5cefdcacf3693e0b50e83a36)",2021-01-25 14:23:40,173.6,FINISHED,600ed46b0a7214ada2000013
439,500.0,"Receipt number 2 completed, bonus point schedule DEFAULT (5cefdcacf3693e0b50e83a36)",2021-01-25 14:51:04,640.7,FINISHED,600eda0c0a7214ada200001e
440,750.0,"Receipt number 1 completed, bonus point schedule DEFAULT (5cefdcacf3693e0b50e83a36)",2021-01-25 22:10:34,750.0,FINISHED,600f41d90a720f0535000032
441,5.0,All-receipts receipt bonus,2021-01-25 17:34:44,5.0,FINISHED,600f01340a7214ada2000029
442,5.0,All-receipts receipt bonus,2021-01-25 22:11:19,5.0,FINISHED,600f42070a7214ada200003c
443,5.0,All-receipts receipt bonus,2021-01-25 22:39:03,5.0,FINISHED,600f48860a720f053500003f
444,750.0,"Receipt number 1 completed, bonus point schedule DEFAULT (5cefdcacf3693e0b50e83a36)",2021-01-25 22:39:26,755.0,FINISHED,600f489d0a7214ada200004a
445,750.0,"Receipt number 1 completed, bonus point schedule DEFAULT (5cefdcacf3693e0b50e83a36)",2021-01-25 17:35:10,755.0,FINISHED,600f014d0a7214ada200002d
446,,,,,FLAGGED,600f24970a720f053500002f
447,,,,,FLAGGED,600f0cc70a720f053500002c
448,150.0,"Receipt number 5 completed, bonus point schedule DEFAULT (5cefdcacf3693e0b50e83a36)",2021-01-25 22:38:46,150.0,FINISHED,600f48750a7214ada2000041
449,150.0,"Receipt number 5 completed, bonus point schedule DEFAULT (5cefdcacf3693e0b50e83a36)",2021-01-25 22:10:47,150.0,FINISHED,600f41e60a720f0535000033
450,,,2021-01-25 14:25:29,250.0,FINISHED,600ed4d90a7214ada200001c
451,5.0,All-receipts receipt bonus,2021-01-25 22:11:17,5.0,FINISHED,600f42050a7214ada200003b
452,500.0,"Receipt number 2 completed, bonus point schedule DEFAULT (5cefdcacf3693e0b50e83a36)",2021-01-25 14:23:16,523.6,FINISHED,600ed4520a720f0535000012
453,,,2021-01-25 17:34:37,125.0,FINISHED,600f012c0a720f0535000025
454,45.0,COMPLETE_PARTNER_RECEIPT,2021-01-25 22:39:13,50.0,FINISHED,600f48900a720f0535000042
455,5.0,All-receipts receipt bonus,2021-01-25 14:24:18,5.0,FINISHED,600ed4910a7214ada2000018
456,45.0,COMPLETE_PARTNER_RECEIPT,2021-01-25 22:39:04,50.0,FINISHED,600f48880a7214ada2000044
457,,,2021-01-25 17:34:41,250.0,FINISHED,600f01310a7214ada2000027
458,5.0,All-receipts receipt bonus,2021-01-25 17:34:34,5.0,FINISHED,600f012a0a7214ada2000024
459,500.0,"Receipt number 2 completed, bonus point schedule DEFAULT (5cefdcacf3693e0b50e83a36)",2021-01-25 22:38:22,750.0,FINISHED,600f485e0a720f053500003b
460,300.0,"Receipt number 4 completed, bonus point schedule DEFAULT (5cefdcacf3693e0b50e83a36)",2021-01-25 22:10:45,305.0,FINISHED,600f41e40a7214ada2000033
461,5.0,All-receipts receipt bonus,2021-01-25 22:11:08,5.0,FINISHED,600f41fb0a720f0535000036
462,250.0,"Receipt number 3 completed, bonus point schedule DEFAULT (5cefdcacf3693e0b50e83a36)",2021-01-25 15:00:21,487.7,FINISHED,600edb570a720f053500001d
463,,,2021-01-26 06:09:26,125.0,FINISHED,600fb2160a7214ada2000053
464,300.0,"Receipt number 4 completed, bonus point schedule DEFAULT (5cefdcacf3693e0b50e83a36)",2021-01-26 06:09:07,323.6,FINISHED,600fb2030a7214ada2000050
465,45.0,COMPLETE_PARTNER_RECEIPT,2021-01-26 06:08:42,50.0,FINISHED,600fb1e90a720f0535000049
466,45.0,COMPLETE_PARTNER_RECEIPT,2021-01-26 06:09:28,50.0,FINISHED,600fb2170a720f053500004e
467,5.0,All-receipts receipt bonus,2021-01-26 06:09:35,5.0,FINISHED,600fb21f0a7214ada2000056
468,500.0,"Receipt number 2 completed, bonus point schedule DEFAULT (5cefdcacf3693e0b50e83a36)",,500.0,REJECTED,60107e3b0a720f0535000051
469,750.0,"Receipt number 1 completed, bonus point schedule DEFAULT (5cefdcacf3693e0b50e83a36)",2021-01-26 03:06:03,7137.2,FINISHED,600f39c30a7214ada2000030
470,5.0,All-receipts receipt bonus,2021-01-26 06:09:24,5.0,FINISHED,600fb2130a7214ada2000052
471,5.0,All-receipts receipt bonus,2021-01-26 06:08:41,5.0,FINISHED,600fb1e80a7214ada200004e
472,5.0,All-receipts receipt bonus,2021-01-26 06:09:29,5.0,FINISHED,600fb2190a7214ada2000054
473,5.0,All-receipts receipt bonus,2021-01-26 06:08:38,1205.0,FINISHED,600fb1e60a720f0535000048
474,500.0,"Receipt number 2 completed, bonus point schedule DEFAULT (5cefdcacf3693e0b50e83a36)",,500.0,REJECTED,60108a5b0a7214ada2000057
475,750.0,"Receipt number 1 completed, bonus point schedule DEFAULT (5cefdcacf3693e0b50e83a36)",2021-01-26 06:08:37,755.0,FINISHED,600fb1e50a7214ada200004d
476,5.0,All-receipts receipt bonus,2021-01-26 06:09:30,5.0,FINISHED,600fb21a0a720f053500004f
477,,,2021-01-26 06:09:26,125.0,FINISHED,600fb2150a720f053500004d
478,750.0,"Receipt number 1 completed, bonus point schedule DEFAULT (5cefdcacf3693e0b50e83a36)",2021-01-26 06:08:27,750.0,FINISHED,600fb1d80a7214ada200004b
479,27.0,COMPLETE_PARTNER_RECEIPT,2021-01-26 06:09:21,50.6,FINISHED,600fb2110a720f053500004c
480,500.0,"Receipt number 2 completed, bonus point schedule DEFAULT (5cefdcacf3693e0b50e83a36)",2021-01-26 06:08:29,750.0,FINISHED,600fb1dc0a720f0535000046
481,5.0,All-receipts receipt bonus,2021-01-26 06:09:34,5.0,FINISHED,600fb21d0a720f0535000050
482,750.0,"Receipt number 1 completed, bonus point schedule DEFAULT (5cefdcacf3693e0b50e83a36)",2021-01-26 06:08:44,755.0,FINISHED,600fb1ec0a7214ada200004f
483,5.0,All-receipts receipt bonus,2021-01-26 06:08:33,5.0,FINISHED,600fb1e00a7214ada200004c
484,150.0,"Receipt number 5 completed, bonus point schedule DEFAULT (5cefdcacf3693e0b50e83a36)",2021-01-26 06:09:10,200.0,FINISHED,600fb2060a720f053500004b
485,,,2021-01-26 06:09:32,250.0,FINISHED,600fb21c0a7214ada2000055
486,5.0,All-receipts receipt bonus,2021-01-26 06:08:35,5.0,FINISHED,600fb1e20a720f0535000047
487,250.0,"Receipt number 3 completed, bonus point schedule DEFAULT (5cefdcacf3693e0b50e83a36)",2021-01-26 06:09:02,250.0,FINISHED,600fb1fd0a720f053500004a
488,100.0,"Receipt number 6 completed, bonus point schedule DEFAULT (5cefdcacf3693e0b50e83a36)",2021-01-26 06:09:16,400.0,FINISHED,600fb20b0a7214ada2000051
489,5.0,All-receipts receipt bonus,2021-01-27 23:13:32,5.0,FINISHED,6011f39c0a720f05350000b4
490,250.0,"Receipt number 3 completed, bonus point schedule DEFAULT (5cefdcacf3693e0b50e83a36)",2021-01-27 01:12:28,250.0,FINISHED,6010bdfa0a7214ada200005a
491,5.0,All-receipts receipt bonus,2021-01-27 01:13:05,5.0,FINISHED,6010be200a7214ada200005e
492,5.0,All-receipts receipt bonus,2021-01-27 23:12:11,10199.8,FINISHED,6011f3490a7214ada200010e
493,750.0,"Receipt number 1 completed, bonus point schedule DEFAULT (5cefdcacf3693e0b50e83a36)",2021-01-27 15:51:44,850.0,FINISHED,60118c0f0a7214ada200007e
494,750.0,"Receipt number 1 completed, bonus point schedule DEFAULT (5cefdcacf3693e0b50e83a36)",2021-01-27 15:51:07,4850.0,FINISHED,60118bea0a720f0535000064
495,5.0,All-receipts receipt bonus,2021-01-27 15:51:50,5.0,FINISHED,60118c150a720f053500006d
496,5.0,All-receipts receipt bonus,2021-01-27 01:13:36,5.0,FINISHED,6010be3f0a7214ada2000063
497,750.0,"Receipt number 1 completed, bonus point schedule DEFAULT (5cefdcacf3693e0b50e83a36)",2021-01-27 01:12:24,5850.0,FINISHED,6010bdf60a7214ada2000059
498,,,,,REJECTED,60118c3b0a7214ada2000089
499,25.0,COMPLETE_NONPARTNER_RECEIPT,2021-01-27 01:14:02,25.0,FINISHED,6010be5a0a720f053500005a
500,5.0,All-receipts receipt bonus,2021-01-27 23:16:09,5.0,FLAGGED,6011f4380a720f05350000b9
501,750.0,"Receipt number 1 completed, bonus point schedule DEFAULT (5cefdcacf3693e0b50e83a36)",2021-01-27 01:12:56,750.0,FLAGGED,6010be180a7214ada200005d
502,750.0,"Receipt number 1 completed, bonus point schedule DEFAULT (5cefdcacf3693e0b50e83a36)",2021-01-27 01:12:17,760.0,FINISHED,6010bdef0a720f0535000053
503,300.0,"Receipt number 4 completed, bonus point schedule DEFAULT (5cefdcacf3693e0b50e83a36)",2021-01-27 01:12:31,400.0,FINISHED,6010bdfd0a720f0535000055
504,150.0,"Receipt number 5 completed, bonus point schedule DEFAULT (5cefdcacf3693e0b50e83a36)",2021-01-27 01:12:43,250.0,FINISHED,6010be0a0a7214ada200005b
505,5.0,All-receipts receipt bonus,2021-01-27 01:28:21,94.6,FINISHED,5fa8d5790a7214adc30001c4
506,5.0,All-receipts receipt bonus,2021-01-27 15:50:49,1005.0,FINISHED,60118bd30a720f0535000062
507,5.0,All-receipts receipt bonus,2021-01-27 23:11:54,5.0,FINISHED,6011f3390a720f05350000af
508,750.0,"Receipt number 1 completed, bonus point schedule DEFAULT (5cefdcacf3693e0b50e83a36)",2021-01-27 01:13:03,810.0,FLAGGED,6010be1c0a720f0535000057
509,5.0,All-receipts receipt bonus,2021-01-27 15:52:21,5.0,FINISHED,60118c340a720f0535000073
510,250.0,"Receipt number 3 completed, bonus point schedule DEFAULT (5cefdcacf3693e0b50e83a36)",,250.0,FLAGGED,60118be80a7214ada2000075
511,,,,,REJECTED,6010be460a7214ada2000066
512,5.0,All-receipts receipt bonus,2021-01-27 23:11:55,5.0,FINISHED,6011f33a0a7214ada200010b
513,750.0,"Receipt number 1 completed, bonus point schedule DEFAULT (5cefdcacf3693e0b50e83a36)",2021-01-27 15:51:00,760.0,FINISHED,60118be20a7214ada2000074
514,5.0,All-receipts receipt bonus,2021-01-27 23:11:51,5.0,FINISHED,6011f3360a7214ada2000109
515,750.0,"Receipt number 1 completed, bonus point schedule DEFAULT (5cefdcacf3693e0b50e83a36)",2021-01-27 15:51:38,1850.0,FINISHED,60118c0a0a720f0535000067
516,150.0,"Receipt number 5 completed, bonus point schedule DEFAULT (5cefdcacf3693e0b50e83a36)",2021-01-27 15:51:22,150.0,FINISHED,60118bf90a7214ada2000079
517,750.0,"Receipt number 1 completed, bonus point schedule DEFAULT (5cefdcacf3693e0b50e83a36)",2020-11-09 05:36:52,750.0,REJECTED,5fa8d5730a7214adc30001c3
518,150.0,"Receipt number 5 completed, bonus point schedule DEFAULT (5cefdcacf3693e0b50e83a36)",2021-01-27 01:14:18,150.0,FINISHED,6010be6a0a720f053500005c
519,,,2021-01-28 16:29:03,840.0,FINISHED,6012e64e0a720f05f8000031
520,,,2021-01-28 16:29:33,840.0,FINISHED,6012e66c0a720f05f800004d
521,,,2021-01-28 16:29:16,840.0,FINISHED,6012e65b0a720f05f800003d
522,,,2021-01-28 22:56:12,840.0,FINISHED,6013410c0a7214ad5000002a
523,,,2021-01-28 22:56:00,840.0,FINISHED,601340ff0a7214ad50000024
524,750.0,"Receipt number 1 completed, bonus point schedule DEFAULT (5cefdcacf3693e0b50e83a36)",2021-01-28 16:45:40,1049.8,FINISHED,6012ea2d0a720f05f8000068
525,5.0,All-receipts receipt bonus,2021-01-28 21:22:40,5.0,FINISHED,60132b1f0a7214ad5000000c
526,250.0,"Receipt number 3 completed, bonus point schedule DEFAULT (5cefdcacf3693e0b50e83a36)",2021-01-28 21:21:40,250.0,FINISHED,60132ae40a7214ad50000007
527,300.0,"Receipt number 4 completed, bonus point schedule DEFAULT (5cefdcacf3693e0b50e83a36)",2021-01-28 21:21:52,300.0,FINISHED,60132aef0a720f05f800006d
528,,,2021-01-28 22:56:21,840.0,FINISHED,601341150a7214ad5000002e
529,,,2021-01-28 16:28:40,840.0,FINISHED,6012e6380a720f05f800001c
530,,,2021-01-28 16:28:30,840.0,FINISHED,6012e62d0a720f05f8000012
531,,,2021-01-28 22:56:04,840.0,FINISHED,601341040a7214ad50000026
532,,,2021-01-28 16:29:04,840.0,FINISHED,6012e64f0a720f05f8000032
533,,,2021-01-28 22:55:56,840.0,FINISHED,601340fc0a720f05f8000089
534,5.0,All-receipts receipt bonus,2021-01-28 21:24:05,5.0,FINISHED,60132b740a7214ad50000012
535,,,2021-01-28 16:28:51,840.0,FINISHED,6012e6430a720f05f8000026
536,750.0,"Receipt number 1 completed, bonus point schedule DEFAULT (5cefdcacf3693e0b50e83a36)",2021-01-28 21:24:23,850.0,FINISHED,60132b860a720f05f8000075
537,,,2021-01-28 22:56:22,840.0,FINISHED,601341160a720f05f8000095
538,,,2021-01-28 16:29:42,840.0,FINISHED,6012e6750a720f05f8000055
539,,,2021-01-28 16:29:22,840.0,FINISHED,6012e6620a720f05f8000043
540,,,2021-01-28 16:29:56,840.0,FINISHED,6012e6840a720f05f8000063
541,100.0,"Receipt number 6 completed, bonus point schedule DEFAULT (5cefdcacf3693e0b50e83a36)",2021-01-28 16:28:18,940.0,FINISHED,6012e6210a720f05f8000007
542,,,2021-01-28 16:29:37,840.0,FINISHED,6012e6710a720f05f8000051
543,750.0,"Receipt number 1 completed, bonus point schedule DEFAULT (5cefdcacf3693e0b50e83a36)",2021-01-25 22:04:23,4944.7,FINISHED,600f2fc80a720f0535000030
544,,,,,FLAGGED,60132b890a7214ad50000013
545,,,2021-01-28 16:29:58,840.0,FINISHED,6012e6850a720f05f8000064
546,5.0,All-receipts receipt bonus,2021-01-28 21:24:39,5.0,FINISHED,60132b960a720f05f800007a
547,,,2021-01-28 16:29:26,840.0,FINISHED,6012e6660a720f05f8000047
548,,,2021-01-28 22:56:16,840.0,FINISHED,6013410f0a720f05f8000092
549,25.0,COMPLETE_NONPARTNER_RECEIPT,2021-01-29 17:18:43,35.0,FINISHED,601443720a7214ad50000063
550,250.0,"Receipt number 3 completed, bonus point schedule DEFAULT (5cefdcacf3693e0b50e83a36)",2021-01-29 17:42:11,375.0,FINISHED,601448f30a720f05f80000d9
551,5.0,All-receipts receipt bonus,2021-01-29 16:03:40,5.0,FINISHED,601431db0a720f05f80000a8
552,5.0,All-receipts receipt bonus,,5.0,REJECTED,601443600a7214ad50000060
553,750.0,"Receipt number 1 completed, bonus point schedule DEFAULT (5cefdcacf3693e0b50e83a36)",2021-01-29 18:56:00,750.0,FINISHED,60145a3d0a7214ad50000082
554,100.0,"Receipt number 6 completed, bonus point schedule DEFAULT (5cefdcacf3693e0b50e83a36)",2021-01-29 17:50:39,100.0,FINISHED,60144aee0a720f05f80000f1
555,,,,,PENDING,601431e40a7214ad50000041
556,500.0,"Receipt number 2 completed, bonus point schedule DEFAULT (5cefdcacf3693e0b50e83a36)",2021-01-29 21:18:33,1499.5,FINISHED,60147ba00a7214ad500000d3
557,,,,,SUBMITTED,601487f80a720f05f800018d
558,5.0,All-receipts receipt bonus,2021-01-29 19:44:49,5.0,FINISHED,601465b00a7214ad5000009f
559,,,,,FLAGGED,60145a540a720f05f8000116
560,,,2021-01-29 20:41:07,840.0,FINISHED,601472e20a7214ad500000ce
561,250.0,"Receipt number 3 completed, bonus point schedule DEFAULT (5cefdcacf3693e0b50e83a36)",2021-01-29 17:16:13,250.0,FINISHED,601442dd0a7214ad50000054
562,25.0,COMPLETE_NONPARTNER_RECEIPT,2021-01-29 17:17:38,25.0,FINISHED,601443310a720f05f80000c6
563,5.0,All-receipts receipt bonus,,5.0,REJECTED,60145a510a7214ad50000086
564,5.0,All-receipts receipt bonus,2021-01-29 18:57:26,5.0,FINISHED,60145a960a7214ad50000095
565,,,2021-01-29 19:45:57,100.0,FINISHED,601465f40a720f05f8000137
566,150.0,"Receipt number 5 completed, bonus point schedule DEFAULT (5cefdcacf3693e0b50e83a36)",2021-01-29 18:57:07,3250.0,FINISHED,60145a830a7214ad5000008f
567,25.0,COMPLETE_NONPARTNER_RECEIPT,2021-01-29 16:05:22,35.0,FINISHED,601432400a7214ad50000043
568,5.0,All-receipts receipt bonus,2021-01-29 17:14:01,5.0,FINISHED,601442570a7214ad5000004b
569,5.0,All-receipts receipt bonus,2021-01-29 18:36:25,5.0,FINISHED,601455a80a720f05f8000107
570,5.0,All-receipts receipt bonus,,5.0,REJECTED,601455820a720f05f80000fb
571,5.0,All-receipts receipt bonus,2021-01-29 16:05:17,5.0,FINISHED,6014323b0a720f05f80000b2
572,5.0,All-receipts receipt bonus,2021-01-29 17:14:25,5.0,FINISHED,601442710a720f05f80000bb
573,5.0,All-receipts receipt bonus,2021-01-29 17:18:22,5.0,FINISHED,6014435e0a720f05f80000d1
574,250.0,"Receipt number 3 completed, bonus point schedule DEFAULT (5cefdcacf3693e0b50e83a36)",2021-01-29 17:50:24,250.0,FINISHED,60144adf0a720f05f80000ef
575,5.0,All-receipts receipt bonus,2021-01-29 18:36:01,5.0,FINISHED,601455900a720f05f8000102
576,45.0,COMPLETE_PARTNER_RECEIPT,2021-01-29 17:42:23,50.0,FINISHED,601448fe0a720f05f80000df
577,,,,,SUBMITTED,601487e20a7214ad5000010d
578,5.0,All-receipts receipt bonus,2021-01-29 20:27:42,5.0,FINISHED,60146fbd0a7214ad500000ba
579,,,,,SUBMITTED,601510460a7214ad5000014a
580,,,,,SUBMITTED,60157c190a720f05f80001eb
581,,,,,SUBMITTED,6014aa550a720f05f800019b
582,,,,,SUBMITTED,60155a1b0a7214ad50000170
583,,,,,SUBMITTED,6015010b0a7214ad50000143
584,,,,,SUBMITTED,6015556b0a720f05f80001db
585,,,,,SUBMITTED,6015048f0a720f05f80001bf
586,,,,,SUBMITTED,601581f40a7214ad50000181
587,,,,,SUBMITTED,6014a4760a7214ad50000116
588,,,,,SUBMITTED,6015a06b0a7214ad5000018d
589,,,,,SUBMITTED,6015d9d80a720f05f8000219
590,,,,,SUBMITTED,6014e99b0a7214ad50000137
591,,,,,SUBMITTED,6014dde60a7214ad50000132
592,,,,,SUBMITTED,6015f2730a720f05f8000224
593,,,,,SUBMITTED,6015c13b0a720f05f800020e
594,,,,,SUBMITTED,6015d8ab0a720f05f8000218
595,,,,,SUBMITTED,6015a2c30a7214ad5000018e
596,,,,,SUBMITTED,6015268a0a7214ad50000155
597,,,,,SUBMITTED,6014f5520a720f05f80001ba
598,,,,,SUBMITTED,60150cc40a720f05f80001c3
599,,,,,SUBMITTED,6015d0780a720f05f8000214
600,,,,,SUBMITTED,6014d3560a720f05f80001ad
601,,,,,SUBMITTED,6014cfd30a7214ad5000012b
602,,,,,SUBMITTED,6015938d0a720f05f80001f6
603,,,,,SUBMITTED,601542ab0a720f05f80001d5
604,,,,,SUBMITTED,601561230a7214ad50000173
605,,,,,SUBMITTED,601551e70a7214ad5000016c
606,,,,,SUBMITTED,6015970b0a7214ad50000189
607,,,,,SUBMITTED,6015ca9c0a7214ad5000019c
608,,,,,SUBMITTED,6015637b0a7214ad50000175
609,,,,,SUBMITTED,6016560f0a7214ad500001dd
610,,,,,SUBMITTED,60171af00a7214ad50000229
611,,,,,SUBMITTED,601687480a720f05f800025b
612,,,,,SUBMITTED,6016acc60a720f05f800026e
613,,,,,SUBMITTED,60161ca50a7214ad500001be
614,,,,,SUBMITTED,6017082f0a720f05f800029b
615,,,,,SUBMITTED,60170e0c0a7214ad50000223
616,,,,,SUBMITTED,6016366a0a720f05f800023a
617,,,,,SUBMITTED,601602db0a7214ad500001b3
618,,,,,SUBMITTED,60173a940a7214ad50000235
619,,,,,SUBMITTED,6016d94f0a720f05f8000284
620,,,,,SUBMITTED,60169a070a720f05f8000264
621,,,,,SUBMITTED,6016e0570a720f05f8000289
622,,,,,SUBMITTED,601604070a7214ad500001b4
623,,,,,SUBMITTED,6017037e0a7214ad5000021f
624,,,,,SUBMITTED,60172b590a720f05f80002a9
625,,,,,SUBMITTED,6016dba70a720f05f8000285
626,,,,,SUBMITTED,6017419a0a7214ad50000239
627,,,,,SUBMITTED,601620270a7214ad500001c1
628,,,,,SUBMITTED,6016780d0a720f05f8000255
629,,,,,SUBMITTED,601617f20a720f05f8000232
630,,,,,SUBMITTED,6016df2c0a720f05f8000288
631,,,,,SUBMITTED,601729000a720f05f80002a8
632,,,,,SUBMITTED,601675b30a720f05f8000254
633,,,,,SUBMITTED,60166d7e0a7214ad500001e9
634,,,,,SUBMITTED,601711900a720f05f800029f
635,,,,,SUBMITTED,601721f90a720f05f80002a6
636,,,,,SUBMITTED,601697af0a720f05f8000263
637,,,,,SUBMITTED,6016bad70a7214ad50000205
638,,,,,SUBMITTED,60170bb30a720f05f800029d
639,5.0,All-receipts receipt bonus,2021-02-01 17:13:44,5.0,FINISHED,601836c70a720f05f8000364
640,,,,,SUBMITTED,6017707d0a720f05f80002c7
641,,,2021-01-29 21:59:16,209.9,FINISHED,601485340a720f05f8000167
642,,,,,FLAGGED,601830cd0a720f05f800034f
643,,,2021-01-29 21:59:19,209.8,FINISHED,601485370a720f05f8000172
644,500.0,"Receipt number 2 completed, bonus point schedule DEFAULT (5cefdcacf3693e0b50e83a36)",2021-02-01 16:41:13,500.0,FINISHED,60182f290a720f05f800032f
645,,,,,SUBMITTED,601868260a720f05f400000e
646,,,,,SUBMITTED,6017e6d70a7214ad5000027f
647,,,,,SUBMITTED,601795fa0a7214ad5000025b
648,25.0,COMPLETE_NONPARTNER_RECEIPT,,25.0,FLAGGED,601890c70a7214ad28000028
649,250.0,"Receipt number 3 completed, bonus point schedule DEFAULT (5cefdcacf3693e0b50e83a36)",2021-02-01 17:38:14,250.0,FINISHED,60183c850a7214ad50000308
650,750.0,"Receipt number 1 completed, bonus point schedule DEFAULT (5cefdcacf3693e0b50e83a36)",2021-02-01 16:48:15,750.0,FINISHED,601830ce0a7214ad500002df
651,5.0,All-receipts receipt bonus,2021-02-01 16:41:27,5.0,FINISHED,60182f370a720f05f8000335
652,,,,,SUBMITTED,60179e2e0a7214ad50000260
653,,,,,SUBMITTED,60175dba0a720f05f80002bf
654,250.0,"Receipt number 3 completed, bonus point schedule DEFAULT (5cefdcacf3693e0b50e83a36)",,250.0,FLAGGED,60182d8c0a720f05f8000318
655,,,,,SUBMITTED,601747780a7214ad5000023b
656,,,,,REJECTED,60182f390a7214ad500002b8
657,,,,,SUBMITTED,6018643e0a7214ad28000002
658,5.0,All-receipts receipt bonus,2021-02-01 16:48:19,5.0,FINISHED,601830d30a7214ad500002e1
659,150.0,"Receipt number 5 completed, bonus point schedule DEFAULT (5cefdcacf3693e0b50e83a36)",,150.0,FLAGGED,6018369f0a7214ad500002f1
660,,,,,REJECTED,601830a70a7214ad500002d3
661,,,,,SUBMITTED,6018682c0a720f05f4000011
662,25.0,COMPLETE_NONPARTNER_RECEIPT,2021-02-01 16:42:10,35.0,FINISHED,60182f610a720f05f800033e
663,5.0,All-receipts receipt bonus,2021-02-01 23:37:28,5.0,FINISHED,601890b80a7214ad28000020
664,,,2021-01-29 21:59:20,210.0,FINISHED,601485370a720f05f8000175
665,,,,,SUBMITTED,6017ab130a720f05f80002e0
666,25.0,COMPLETE_NONPARTNER_RECEIPT,2021-02-01 23:37:58,25.0,FINISHED,601890d50a720f05f4000057
667,,,2021-01-29 21:59:23,209.5,FINISHED,6014853a0a7214ad50000106
668,,,,,SUBMITTED,6017ff730a720f05f8000301
669,750.0,"Receipt number 1 completed, bonus point schedule DEFAULT (5cefdcacf3693e0b50e83a36)",2021-02-02 00:27:49,750.0,FLAGGED,60189c850a7214ad28000034
670,,,,,SUBMITTED,60189ffe0a720f05f4000066
671,,,,,SUBMITTED,6018b92a0a7214ad2800005e
672,100.0,"Receipt number 6 completed, bonus point schedule DEFAULT (5cefdcacf3693e0b50e83a36)",2021-02-02 00:28:08,100.0,FINISHED,60189c980a7214ad28000040
673,,,,,SUBMITTED,6018a95f0a7214ad28000056
674,,,,,SUBMITTED,6018b93c0a7214ad28000061
675,5.0,All-receipts receipt bonus,2021-02-02 00:28:13,5.0,FINISHED,60189c9c0a7214ad28000045
676,25.0,COMPLETE_NONPARTNER_RECEIPT,2021-02-02 00:28:49,25.0,FINISHED,60189cc00a720f05f4000063
677,,,,,SUBMITTED,6018b89c0a7214ad2800005d
678,,,,,SUBMITTED,60189c7b0a7214ad2800002e
679,5.0,All-receipts receipt bonus,2021-02-02 00:28:09,5.0,FINISHED,60189c990a7214ad28000041
680,,,,,SUBMITTED,6018a7070a7214ad28000055
681,,,,,FLAGGED,60189c920a7214ad2800003a
682,750.0,"Receipt number 1 completed, bonus point schedule DEFAULT (5cefdcacf3693e0b50e83a36)",2020-11-15 23:44:17,750.0,REJECTED,5fb1bd510a7214ad890000e3
683,5.0,All-receipts receipt bonus,2021-02-02 00:28:17,5.0,FINISHED,60189ca00a7214ad28000048
684,,,,,SUBMITTED,6018abb90a720f05f400006d
685,5.0,All-receipts receipt bonus,2021-02-02 00:27:35,5.0,FINISHED,60189c750a720f05f400005d
686,,,,,SUBMITTED,6018b1920a720f05f400006e
687,5.0,All-receipts receipt bonus,,5.0,REJECTED,60189c900a7214ad28000038
688,25.0,COMPLETE_NONPARTNER_RECEIPT,2021-02-02 00:28:50,25.0,FINISHED,60189cc10a7214ad28000050
689,,,,,SUBMITTED,6018ace50a7214ad28000057
690,500.0,"Receipt number 2 completed, bonus point schedule DEFAULT (5cefdcacf3693e0b50e83a36)",2021-02-02 00:27:42,500.0,FLAGGED,60189c7d0a7214ad28000030
691,5.0,All-receipts receipt bonus,2021-02-02 00:28:31,5.0,FINISHED,60189cae0a7214ad2800004f
692,,,,,REJECTED,60189cb40a720f05f4000060
693,,,,,SUBMITTED,6018a12c0a720f05f4000067
694,,,,,SUBMITTED,6018bd4b0a720f05f4000074
695,,,,,SUBMITTED,6018af3b0a7214ad28000059
696,,,,,SUBMITTED,60189cb60a720f05f4000061
697,5.0,All-receipts receipt bonus,2021-02-02 00:28:47,5.0,FINISHED,60189cbe0a720f05f4000062
698,750.0,"Receipt number 1 completed, bonus point schedule DEFAULT (5cefdcacf3693e0b50e83a36)",2020-11-16 20:00:24,750.0,REJECTED,5fb2da580a7214ad89000114
699,,,,,SUBMITTED,601af3530a720f05f4000212
700,,,,,SUBMITTED,601aba020a7214ad280001d1
701,,,,,SUBMITTED,601a6c8d0a720f05f40001c4
702,,,,,SUBMITTED,601a59ce0a7214ad2800019b
703,,,,,SUBMITTED,601a23e60a7214ad28000187
704,,,,,SUBMITTED,601aaf5b0a720f05f40001dd
705,,,,,SUBMITTED,601b0bf00a720f05f400021b
706,,,,,SUBMITTED,601a2e730a720f05f40001a9
707,,,,,SUBMITTED,601a93390a720f05f40001d5
708,,,,,SUBMITTED,601b2c090a7214ad2800021a
709,,,,,SUBMITTED,601adab60a720f05f4000207
710,,,,,SUBMITTED,601a48390a720f05f40001b6
711,,,,,SUBMITTED,601a74c20a720f05f40001c8
712,500.0,"Receipt number 2 completed, bonus point schedule DEFAULT (5cefdcacf3693e0b50e83a36)",2021-02-03 14:12:40,500.0,FINISHED,601aaf580a7214ad280001ca
713,25.0,COMPLETE_NONPARTNER_RECEIPT,2021-02-03 14:13:15,25.0,FINISHED,601aaf7a0a720f05f40001e8
714,,,,,SUBMITTED,601ab6630a720f05f40001eb
715,5.0,All-receipts receipt bonus,2021-02-03 15:31:37,5.0,FINISHED,601ac1d80a720f05f40001fe
716,,,,,SUBMITTED,601ab7900a720f05f40001ec
717,,,,,SUBMITTED,601a25110a7214ad28000188
718,,,,,SUBMITTED,601b14240a720f05f400021e
719,,,,,SUBMITTED,601a2d450a7214ad2800018b
720,,,,,SUBMITTED,601ae6710a720f05f400020c
721,,,,,SUBMITTED,601b32150a7214ad28000220
722,,,,,SUBMITTED,601af2280a7214ad28000209
723,,,,,SUBMITTED,601a5afc0a7214ad2800019c
724,,,,,SUBMITTED,601ad7310a720f05f4000206
725,27.0,COMPLETE_PARTNER_RECEIPT,2021-02-03 14:13:06,50.6,FINISHED,601aaf710a720f05f40001e6
726,,,,,SUBMITTED,601af5aa0a720f05f4000214
727,,,,,REJECTED,601b32160a7214ad28000221
728,,,,,SUBMITTED,601af6d90a720f05f4000215
729,,,,,SUBMITTED,601c540f0a720f05f40002be
730,,,,,SUBMITTED,601c090e0a7214ad28000282
731,,,,,SUBMITTED,601c5d700a7214ad280002bc
732,,,,,SUBMITTED,601c702e0a7214ad280002e8
733,,,,,SUBMITTED,601c40230a720f05f40002b5
734,,,,,SUBMITTED,601c27870a720f05f400029e
735,,,,,SUBMITTED,601bd57e0a7214ad2800026d
736,5.0,All-receipts receipt bonus,2021-02-04 21:35:50,5.0,FINISHED,601c68b50a720f05f40002c8
737,,,,,SUBMITTED,601c87a00a7214ad280002f0
738,,,,,SUBMITTED,601bbf390a7214ad28000260
739,,,,,SUBMITTED,601bbbb50a720f05f400026a
740,,,,,SUBMITTED,601b85cc0a7214ad2800024b
741,750.0,"Receipt number 1 completed, bonus point schedule DEFAULT (5cefdcacf3693e0b50e83a36)",2021-02-04 21:36:15,1750.0,FINISHED,601c68ce0a7214ad280002d6
742,,,,,SUBMITTED,601c28b30a720f05f400029f
743,,,,,SUBMITTED,601b730f0a7214ad28000243
744,,,,,SUBMITTED,601b48df0a720f05f4000238
745,300.0,"Receipt number 4 completed, bonus point schedule DEFAULT (5cefdcacf3693e0b50e83a36)",2021-02-04 17:17:46,650.0,FINISHED,601c2c3a0a720f05f40002a2
746,,,,,SUBMITTED,601bc2bd0a7214ad28000262
747,,,,,SUBMITTED,601b5cc90a7214ad2800023a
748,,,,,SUBMITTED,601be7120a720f05f400027a
749,,,,,SUBMITTED,601c2d630a7214ad280002a7
750,,,,,SUBMITTED,601c11410a720f05f400028e
751,100.0,"Receipt number 6 completed, bonus point schedule DEFAULT (5cefdcacf3693e0b50e83a36)",2021-02-04 17:18:12,100.0,FINISHED,601c2c540a720f05f40002a4
752,,,,,SUBMITTED,601c265a0a720f05f400029d
753,,,,,SUBMITTED,601bdc850a720f05f4000276
754,,,,,SUBMITTED,601c5fc90a7214ad280002be
755,5.0,All-receipts receipt bonus,2021-02-04 21:36:07,5.0,FLAGGED,601c68c70a7214ad280002d2
756,,,,,SUBMITTED,601c80940a720f05f40002d9
757,,,,,SUBMITTED,601b43010a7214ad2800022c
758,,,,,SUBMITTED,601bd1fa0a7214ad2800026c
759,,,,,PENDING,601d7c000a7214ad590002a1
760,,,,,PENDING,601d7c180a720f05540002fd
761,,,,,PENDING,601d77170a720f053c00000a
762,,,,,PENDING,601d7b8e0a720f0554000079
763,,,,,PENDING,601d7d580a7214ad59000928
764,,,,,PENDING,601d7cf90a720f055400070e
765,,,,,PENDING,601d77180a720f053c00000f
766,,,,,PENDING,601d7d540a720f05540008a6
767,,,,,PENDING,601d7ba00a720f05540000d2
768,,,,,PENDING,601d7bb60a7214ad59000141
769,,,,,PENDING,601d7cd30a720f0554000663
770,,,,,PENDING,601d7b730a720f0554000006
771,,,,,PENDING,601d7d340a7214ad5900086c
772,,,,,PENDING,601d7c1e0a720f055400031a
773,,,,,SUBMITTED,601d83930a7214ad59000932
774,,,,,PENDING,601d7c300a7214ad59000384
775,,,,,PENDING,601d7ca40a720f055400058b
776,,,,,PENDING,601d7b770a720f0554000016
777,,,,,PENDING,601d7bb60a720f055400013a
778,,,,,PENDING,601d7c7f0a7214ad590004f2
779,,,,,PENDING,601d7d2c0a720f05540007fa
780,,,,,PENDING,601d7d230a720f05540007ce
781,,,,,PENDING,601d7c500a720f0554000409
782,,,,,SUBMITTED,601d02aa0a720f05f4000312
783,,,,,PENDING,601d7c960a7214ad59000564
784,,,,,PENDING,601d75dd0a720f05a9000004
785,,,,,PENDING,601d7c480a720f05540003e0
786,,,,,PENDING,601d7c280a7214ad5900035c
787,,,,,PENDING,601d7cd50a7214ad5900069f
788,,,,,PENDING,601d7b840a720f055400004e
789,,,,,SUBMITTED,601e911a0a720f053c000070
790,,,,,SUBMITTED,601e58da0a720f053c000050
791,,,,,SUBMITTED,601e71780a7214ad2500004f
792,,,,,SUBMITTED,601e7d2e0a720f053c000067
793,27.0,COMPLETE_PARTNER_RECEIPT,2021-02-06 14:53:30,50.6,FINISHED,601ead690a720f053c000092
794,,,,,SUBMITTED,601ed3e80a720f053c0000a5
795,,,,,SUBMITTED,601eae650a720f053c000093
796,,,,,SUBMITTED,601e63660a720f053c000055
797,,,,,SUBMITTED,601f190c0a720f053c0000c4
798,,,,,SUBMITTED,601e787e0a7214ad25000051
799,,,,,SUBMITTED,601ea1830a720f053c000079
800,,,,,SUBMITTED,601e0b830a720f053c00002e
801,,,,,SUBMITTED,601f09d10a720f053c0000bd
802,,,,,SUBMITTED,601efe190a720f053c0000b8
803,27.0,COMPLETE_PARTNER_RECEIPT,2021-02-06 14:53:16,50.6,FINISHED,601ead5b0a720f053c00008f
804,,,,,SUBMITTED,601e14e30a7214ad2500002e
805,,,,,SUBMITTED,601ed9c40a7214ad25000078
806,,,,,SUBMITTED,601e3b8f0a720f053c000043
807,,,,,SUBMITTED,601ddca40a7214ad25000019
808,,,,,SUBMITTED,601e9a7b0a720f053c000074
809,,,,,SUBMITTED,601eb8f30a720f053c000099
810,,,,,SUBMITTED,601e96f60a7214ad2500005c
811,,,,,SUBMITTED,601f29740a720f053c0000cc
812,,,,,SUBMITTED,601f1b660a720f053c0000c6
813,,,,,SUBMITTED,601e22f20a720f053c000039
814,,,,,SUBMITTED,601e173d0a720f053c000032
815,,,,,SUBMITTED,601e35b40a7214ad2500003c
816,,,,,SUBMITTED,601e128a0a7214ad2500002c
817,,,,,SUBMITTED,601f2bca0a7214ad2500009a
818,,,,,SUBMITTED,601e84360a720f053c000069
819,,,,,SUBMITTED,601f90920a720f053c0000f9
820,,,,,SUBMITTED,601f9c4a0a7214ad250000c8
821,,,,,SUBMITTED,60201adc0a7214ad250000ff
822,,,,,SUBMITTED,601f7b7a0a720f053c0000ee
823,,,,,SUBMITTED,601f98c60a720f053c0000fe
824,,,,,SUBMITTED,601f81560a720f053c0000f1
825,,,,,SUBMITTED,601f31a60a720f053c0000d0
826,,,,,SUBMITTED,60204ae80a7214ad25000111
827,,,,,SUBMITTED,6020776d0a7214ad25000120
828,,,,,SUBMITTED,601fee520a720f053c000120
829,,,,,SUBMITTED,601fdb920a7214ad250000e2
830,,,,,SUBMITTED,601ffa0a0a7214ad250000f2
831,,,,,SUBMITTED,602057ce0a720f053c000151
832,,,,,SUBMITTED,601fe3c80a7214ad250000e6
833,,,,,SUBMITTED,601f36570a7214ad2500009d
834,,,,,SUBMITTED,60205b510a7214ad25000117
835,,,,,SUBMITTED,601fda670a720f053c00011a
836,,,,,SUBMITTED,602067080a7214ad2500011c
837,,,,,SUBMITTED,601f8be40a7214ad250000c2
838,,,,,SUBMITTED,601f7f010a7214ad250000be
839,,,,,SUBMITTED,601f46bf0a7214ad250000a4
840,,,,,SUBMITTED,601fb3ba0a720f053c000109
841,,,,,SUBMITTED,601f38af0a720f053c0000d4
842,,,,,SUBMITTED,60202b430a7214ad25000103
843,,,,,SUBMITTED,601f35290a7214ad2500009c
844,,,,,SUBMITTED,601f4dc50a7214ad250000a9
845,,,,,SUBMITTED,602017570a720f053c000132
846,,,,,SUBMITTED,601f58540a7214ad250000ad
847,,,,,SUBMITTED,601fcd820a7214ad250000db
848,,,,,SUBMITTED,601f39db0a720f053c0000d5
849,,,,,SUBMITTED,6020e91a0a720f053c000196
850,,,,,SUBMITTED,60217b960a720f05a8000012
851,,,,,SUBMITTED,60207fa20a7214ad25000123
852,,,,,SUBMITTED,60219c670a720f05a8000028
853,,,,,SUBMITTED,6020eb730a720f053c000197
854,,,,,SUBMITTED,602181720a7214d8e9000034
855,,,,,SUBMITTED,6021c0bb0a7214d8e900004e
856,,,,,SUBMITTED,6020e46b0a720f053c000194
857,,,,,SUBMITTED,6020c84a0a720f053c000187
858,,,,,SUBMITTED,60216d880a7214d8e9000004
859,,,,,SUBMITTED,6020a2cd0a720f053c000175
860,,,,,SUBMITTED,60212be60a7214ad25000166
861,,,,,SUBMITTED,6020ac2a0a720f053c000177
862,,,,,SUBMITTED,6021c56a0a720f05a8000036
863,,,,,SUBMITTED,6020b4610a7214ad25000139
864,,,,,SUBMITTED,6020e0e50a720f053c000193
865,,,,,SUBMITTED,602175ba0a7214d8e9000007
866,,,,,SUBMITTED,60217f1b0a720f05a8000016
867,,,,,SUBMITTED,6020cbce0a7214ad25000140
868,,,,,SUBMITTED,6021804a0a720f05a8000019
869,,,,,SUBMITTED,602198e50a720f05a8000027
870,,,,,SUBMITTED,602145ae0a720f0573000007
871,25.0,COMPLETE_NONPARTNER_RECEIPT,2021-02-08 17:37:13,25.0,FINISHED,602176c90a7214d8e9000028
872,,,,,SUBMITTED,602116ce0a7214ad2500015e
873,,,,,SUBMITTED,6021ca1c0a720f05a8000039
874,,,,,SUBMITTED,6020faae0a7214ad25000152
875,,,,,PENDING,602160a30a720f05c0000001
876,,,,,SUBMITTED,6020a0720a720f053c000173
877,,,,,SUBMITTED,6020f0220a7214ad25000150
878,,,,,SUBMITTED,60214de60a720f057300000b
879,,,,,SUBMITTED,6021f05f0a720f05a8000062
880,,,,,SUBMITTED,6021d37b0a720f05a800003c
881,,,,,SUBMITTED,6021ed3c0a720f05a800005f
882,,,,,SUBMITTED,6022f4e60a7214d8e9000112
883,,,,,SUBMITTED,6021ed890a720f05a8000060
884,,,,,SUBMITTED,6022b0ef0a7214d8e90000f3
885,,,,,SUBMITTED,6022d8c90a720f05a80000e7
886,,,,,SUBMITTED,60231cbd0a720f05a8000108
887,,,,,SUBMITTED,60227c330a720f05a800009c
888,,,,,SUBMITTED,6021efe50a7214d8e9000081
889,,,,,SUBMITTED,6022e8000a720f05a80000ef
890,,,,,SUBMITTED,6022c1580a7214d8e90000ff
891,,,,,SUBMITTED,602213e70a720f05a8000071
892,,,,,SUBMITTED,6023216c0a720f05a800010a
893,,,,,SUBMITTED,6021d63a0a7214d8e9000058
894,,,,,SUBMITTED,60223a950a7214d8e90000a2
895,5.0,All-receipts receipt bonus,2021-02-09 14:18:29,5.0,FINISHED,602299b40a720f05a80000bc
896,,,,,SUBMITTED,602231350a7214d8e900009f
897,500.0,"Receipt number 2 completed, bonus point schedule DEFAULT (5cefdcacf3693e0b50e83a36)",2021-02-09 14:18:22,600.0,FINISHED,602299ad0a7214d8e90000d7
898,,,,,SUBMITTED,6022d9f60a720f05a80000e8
899,,,,,SUBMITTED,602279db0a720f05a800009b
900,,,,,SUBMITTED,6022752b0a7214d8e90000be
901,,,,,SUBMITTED,602252050a7214d8e90000ae
902,,,,,SUBMITTED,6021ec5f0a720f05a800005d
903,,,,,SUBMITTED,6022c2820a720f05a80000dd
904,,,,,SUBMITTED,602202540a720f05a800006a
905,,,,,SUBMITTED,6022b6cb0a7214d8e90000f8
906,,,,,SUBMITTED,6022bb780a7214d8e90000fb
907,,,,,SUBMITTED,6021d8cf0a7214d8e900005c
908,,,,,SUBMITTED,602315b50a720f05a8000104
909,,,,,SUBMITTED,602344970a7214d8e900012f
910,,,,,SUBMITTED,6023e2c90a7214d8e9000175
911,,,,,SUBMITTED,602467370a720f05a80001b7
912,250.0,"Receipt number 3 completed, bonus point schedule DEFAULT (5cefdcacf3693e0b50e83a36)",2021-02-10 15:57:00,250.0,FINISHED,6024024b0a7214d8e900018d
913,,,,,SUBMITTED,602367ba0a720f05a800012e
914,,,,,SUBMITTED,602438550a720f05a8000192
915,,,,,SUBMITTED,602345c20a7214d8e9000130
916,,,,,SUBMITTED,60233c5f0a720f05a8000119
917,750.0,"Receipt number 1 completed, bonus point schedule DEFAULT (5cefdcacf3693e0b50e83a36)",2021-02-10 21:46:29,789.2,FINISHED,602454340a720f05a80001ae
918,,,,,SUBMITTED,6023a2530a720f05a8000144
919,,,,,SUBMITTED,60245dd50a720f05a80001b2
920,,,,,SUBMITTED,60244d6e0a7214d8e90001c9
921,500.0,"Receipt number 2 completed, bonus point schedule DEFAULT (5cefdcacf3693e0b50e83a36)",2021-02-10 15:56:59,500.0,FINISHED,6024024b0a7214d8e900018c
922,,,,,SUBMITTED,602393180a720f05a800013d
923,,,,,SUBMITTED,6023bfa00a7214d8e9000168
924,,,,,SUBMITTED,602462850a720f05a80001b3
925,,,2021-02-10 18:44:36,250.0,FINISHED,602429930a720f05a800018b
926,,,,,SUBMITTED,602380580a7214d8e900014a
927,5.0,All-receipts receipt bonus,2021-02-10 15:57:42,5.0,FINISHED,602402750a720f05a800016f
928,5.0,All-receipts receipt bonus,2021-02-10 18:43:49,5.0,FINISHED,602429640a720f05a8000187
929,,,,,SUBMITTED,6023d0080a720f05a8000155
930,,,,,SUBMITTED,60243bdb0a720f05a80001a2
931,,,,,SUBMITTED,602460300a7214d8e90001d6
932,,,,,SUBMITTED,602331d70a720f05a8000113
933,,,,,SUBMITTED,60245f020a7214d8e90001d5
934,,,,,SUBMITTED,602427ec0a720f05a8000180
935,,,,,SUBMITTED,6023ee820a720f05a8000163
936,5.0,All-receipts receipt bonus,2021-02-10 19:52:53,5.0,FINISHED,602439950a7214d8e90001c2
937,5.0,All-receipts receipt bonus,2021-02-10 15:57:21,5.0,FINISHED,602402600a7214d8e9000195
938,,,,,SUBMITTED,6024397f0a720f05a8000199
939,,,,,SUBMITTED,60258c2b0a7214d8e900028f
940,,,,,SUBMITTED,602483540a7214d8e90001ea
941,,,,,SUBMITTED,602561fd0a7214d8e9000273
942,,,,,SUBMITTED,602566ae0a7214d8e900027b
943,,,,,SUBMITTED,60251e050a720f05a80001fc
944,,,,,SUBMITTED,60250b440a720f05a80001f5
945,,,,,SUBMITTED,602531f00a7214d8e900023e
946,,,,,SUBMITTED,6025a8580a720f05a8000270
947,5.0,All-receipts receipt bonus,2021-02-11 16:17:58,5.0,FINISHED,602558b60a7214d8e9000266
948,500.0,"Receipt number 2 completed, bonus point schedule DEFAULT (5cefdcacf3693e0b50e83a36)",2021-02-11 14:00:11,500.0,FINISHED,6025386a0a7214d8e9000241
949,,,,,SUBMITTED,602569060a720f05a8000258
950,,,,,SUBMITTED,6024b5b70a720f05a80001d6
951,25.0,COMPLETE_NONPARTNER_RECEIPT,2021-02-11 14:01:24,25.0,FINISHED,602538b30a7214d8e9000248
952,,,,,SUBMITTED,6024f7570a7214d8e900021f
953,,,,,SUBMITTED,602585240a720f05a8000263
954,,,,,SUBMITTED,602552c10a7214d8e9000255
955,5.0,All-receipts receipt bonus,2021-02-11 14:00:22,5.0,FINISHED,602538740a7214d8e9000246
956,500.0,"Receipt number 2 completed, bonus point schedule DEFAULT (5cefdcacf3693e0b50e83a36)",2021-02-11 14:00:50,3500.0,FINISHED,602538920a720f05a8000216
957,,,,,SUBMITTED,6024f17d0a720f05a80001ee
958,,,,,SUBMITTED,6025b2e10a7214d8e90002a3
959,,,,,SUBMITTED,6025c21e0a7214d8e90002ad
960,,,,,SUBMITTED,6024aa030a720f05a80001d0
961,,,,,SUBMITTED,602573920a720f05a800025d
962,,,,,SUBMITTED,602581a10a720f05a8000262
963,,,,,SUBMITTED,6025263b0a720f05a80001ff
964,5.0,All-receipts receipt bonus,2021-02-11 16:17:46,5.0,FINISHED,602558a90a720f05a8000240
965,,,,,SUBMITTED,602515cf0a7214d8e9000231
966,5.0,All-receipts receipt bonus,2021-02-11 14:00:54,5.0,FINISHED,602538960a720f05a800021b
967,150.0,"Receipt number 5 completed, bonus point schedule DEFAULT (5cefdcacf3693e0b50e83a36)",2021-02-11 16:17:56,150.0,FINISHED,602558b40a7214d8e9000263
968,,,,,SUBMITTED,6025495f0a720f05a8000231
969,,,,,SUBMITTED,6025fcb40a7214d8e90002c3
970,,,,,SUBMITTED,6026ef4b0a7214d8e9000349
971,5.0,All-receipts receipt bonus,2021-02-12 14:11:57,5.0,FINISHED,60268cab0a7214d8e9000315
972,,,,,SUBMITTED,602686ff0a7214d8e9000301
973,,,,,SUBMITTED,602623610a720f05a80002a2
974,,,,,SUBMITTED,60267a190a7214d8e90002fa
975,,,,,SUBMITTED,6026fc2f0a720f05a8000311
976,,,,,SUBMITTED,60267c710a720f05a80002c9
977,,,,,SUBMITTED,6025cf030a7214d8e90002b2
978,,,,,SUBMITTED,6026963b0a7214d8e900031a
979,,,,,SUBMITTED,6025fde20a720f05a8000294
980,,,,,SUBMITTED,6025dabc0a720f05a8000283
981,,,,,SUBMITTED,60263d290a7214d8e90002e3
982,,,,,SUBMITTED,602644300a720f05a80002af
983,,,,,SUBMITTED,6026f0780a720f05a800030c
984,25.0,COMPLETE_NONPARTNER_RECEIPT,2021-02-12 14:12:00,35.0,FINISHED,60268caf0a720f05a80002e2
985,100.0,"Receipt number 6 completed, bonus point schedule DEFAULT (5cefdcacf3693e0b50e83a36)",2021-02-12 14:11:11,100.0,FINISHED,60268c7e0a7214d8e9000309
986,,,,,SUBMITTED,602671e50a720f05a80002c4
987,,,,,SUBMITTED,6026329d0a720f05a80002a7
988,,,,,SUBMITTED,60264b390a720f05a80002b0
989,,,,,SUBMITTED,60265f250a720f05a80002ba
990,750.0,"Receipt number 1 completed, bonus point schedule DEFAULT (5cefdcacf3693e0b50e83a36)",2021-02-12 14:11:05,850.0,FINISHED,60268c790a7214d8e9000306
991,,,,,SUBMITTED,60267d9d0a7214d8e90002fb
992,,,,,SUBMITTED,6025f0fe0a720f05a800028f
993,,,,,SUBMITTED,602667590a7214d8e90002f3
994,,,,,SUBMITTED,6026c3f00a7214d8e9000337
995,,,,,SUBMITTED,6026f2cd0a7214d8e900034b
996,,,,,SUBMITTED,6026dc8a0a7214d8e9000343
997,,,,,SUBMITTED,6026b71f0a720f05a80002f0
998,,,,,SUBMITTED,6026ada90a720f05a80002ed
999,25.0,COMPLETE_NONPARTNER_RECEIPT,,25.0,REJECTED,603983e20a7217c72c000138
1000,,,,,SUBMITTED,60393fef0a7217c72c0000ec
1001,,,,,SUBMITTED,603908dd0a7217c72c0000d4
1002,,,,,SUBMITTED,60395d3c0a7217c72c0000f9
1003,,,,,SUBMITTED,603877bb0a720fde10000074
1004,,,,,SUBMITTED,603882140a7217c72c00009c
1005,,,,,SUBMITTED,603862720a720fde1000006b
1006,,,,,SUBMITTED,6038e1020a720fde100000a4
1007,,,,,SUBMITTED,60395c0e0a720fde100000d7
1008,,,,,SUBMITTED,603989c30a720fde10000111
1009,25.0,COMPLETE_NONPARTNER_RECEIPT,,25.0,REJECTED,603973f80a720fde100000e3
1010,,,,,SUBMITTED,60392f870a7217c72c0000e7
1011,,,,,SUBMITTED,603905540a720fde100000b3
1012,,,,,SUBMITTED,60394dff0a720fde100000d1
1013,,,,,SUBMITTED,60392d2d0a720fde100000c1
1014,,,,,SUBMITTED,60397f340a7217c72c000133
1015,25.0,COMPLETE_NONPARTNER_RECEIPT,,25.0,REJECTED,603978600a7217c72c00010b
1016,,,,,SUBMITTED,6038a5400a720fde10000088
1017,,,,,SUBMITTED,60391f210a7217c72c0000de
1018,,,,,SUBMITTED,60386aa50a7217c72c000091
1019,,,,,SUBMITTED,6038e4840a720fde100000a6
1020,,,,,SUBMITTED,6038dd7c0a7217c72c0000c0
1021,25.0,COMPLETE_NONPARTNER_RECEIPT,2021-02-26 22:36:25,25.0,FINISHED,603977e70a720fde100000e8
1022,,,,,SUBMITTED,6038f2950a7217c72c0000ca
1023,,,,,SUBMITTED,603900a60a720fde100000b1
1024,,,,,SUBMITTED,603946f60a720fde100000ce
1025,,,,,SUBMITTED,603943720a7217c72c0000ed
1026,,,,,SUBMITTED,60390eb50a720fde100000b7
1027,,,,,SUBMITTED,6039575d0a7217c72c0000f7
1028,,,,,SUBMITTED,6038cabd0a720fde1000009c
1029,25.0,COMPLETE_NONPARTNER_RECEIPT,,25.0,REJECTED,603a2a470a720fde10000197
1030,25.0,COMPLETE_NONPARTNER_RECEIPT,,25.0,REJECTED,603a327b0a7217c72c0001d1
1031,,,,,SUBMITTED,603a81090a720fde100001e0
1032,25.0,COMPLETE_NONPARTNER_RECEIPT,,25.0,REJECTED,603a54770a720fde100001bd
1033,,,,,SUBMITTED,6039fa430a720fde10000174
1034,,,,,SUBMITTED,603a466f0a720fde100001ae
1035,25.0,COMPLETE_NONPARTNER_RECEIPT,,25.0,REJECTED,6039f3340a720fde1000016f
1036,,,,,SUBMITTED,603996a70a7217c72c000145
1037,,,,,SUBMITTED,603a097e0a720fde10000180
1038,25.0,COMPLETE_NONPARTNER_RECEIPT,,25.0,REJECTED,6039be770a720fde10000143
1039,,,,,SUBMITTED,603a479d0a7217c72c0001e7
1040,25.0,COMPLETE_NONPARTNER_RECEIPT,,25.0,REJECTED,6039d4bc0a7217c72c000184
1041,,,,,SUBMITTED,603a001e0a7217c72c0001a0
1042,,,,,SUBMITTED,603a398a0a7217c72c0001da
1043,,,,,SUBMITTED,6039b8a20a7217c72c000164
1044,,,,,SUBMITTED,603997d20a720fde10000124
1045,,,,,SUBMITTED,603a16620a7217c72c0001b8
1046,,,,,SUBMITTED,603a90430a7217c72c000226
1047,25.0,COMPLETE_NONPARTNER_RECEIPT,,25.0,REJECTED,603995740a720fde10000120
1048,25.0,COMPLETE_NONPARTNER_RECEIPT,,25.0,REJECTED,603a698f0a720fde100001d1
1049,,,,,SUBMITTED,603ac2a60a720fde10000217
1050,25.0,COMPLETE_NONPARTNER_RECEIPT,,25.0,REJECTED,603a86df0a720fde100001e3
1051,,,,,SUBMITTED,603aa55a0a7217c72c000233
1052,25.0,COMPLETE_NONPARTNER_RECEIPT,,25.0,REJECTED,6039f7e30a7217c72c00019a
1053,,,,,SUBMITTED,603a72f60a7217c72c000206
1054,,,,,SUBMITTED,603a70a10a720fde100001d9
1055,25.0,COMPLETE_NONPARTNER_RECEIPT,,25.0,REJECTED,603aab2f0a7217c72c00023a
1056,,,,,SUBMITTED,603abdf60a7217c72c00024d
1057,,,,,SUBMITTED,603a85b70a720fde100001e2
1058,,,,,SUBMITTED,603a221b0a7217c72c0001c1
1059,25.0,COMPLETE_NONPARTNER_RECEIPT,,25.0,REJECTED,603b9a3f0a720fde100002d3
1060,,,,,SUBMITTED,603b991b0a720fde100002d2
1061,,,,,SUBMITTED,603bf0fe0a7217c72c00034f
1062,,,,,SUBMITTED,603b7bcf0a7217c72c0002ec
1063,25.0,COMPLETE_NONPARTNER_RECEIPT,,25.0,REJECTED,603af1800a7217c72c00027b
1064,25.0,COMPLETE_NONPARTNER_RECEIPT,,25.0,REJECTED,603c25b30a720fde1000035b
1065,,,,,SUBMITTED,603b18350a7217c72c00029e
1066,,,,,SUBMITTED,603b7e260a720fde100002b8
1067,,,,,SUBMITTED,603af05c0a7217c72c00027a
1068,25.0,COMPLETE_NONPARTNER_RECEIPT,,25.0,REJECTED,603b2c1a0a7217c72c0002a9
1069,25.0,COMPLETE_NONPARTNER_RECEIPT,,25.0,REJECTED,603bd1570a7217c72c000337
1070,25.0,COMPLETE_NONPARTNER_RECEIPT,,25.0,REJECTED,603bcdd00a7217c72c000335
1071,25.0,COMPLETE_NONPARTNER_RECEIPT,,25.0,REJECTED,603b0b4a0a720fde1000024e
1072,,,,,SUBMITTED,603af7660a7217c72c000280
1073,,,,,SUBMITTED,603b1a8c0a720fde1000025d
1074,25.0,COMPLETE_NONPARTNER_RECEIPT,,25.0,REJECTED,603bdbe10a7217c72c00033e
1075,25.0,COMPLETE_NONPARTNER_RECEIPT,,25.0,REJECTED,603b77170a7217c72c0002e6
1076,25.0,COMPLETE_NONPARTNER_RECEIPT,,25.0,REJECTED,603b4f3f0a7217c72c0002c9
1077,25.0,COMPLETE_NONPARTNER_RECEIPT,,25.0,REJECTED,603c0ac20a7217c72c00035c
1078,,,,,SUBMITTED,603b37d80a7217c72c0002b3
1079,,,,,SUBMITTED,603bf4830a720fde10000320
1080,25.0,COMPLETE_NONPARTNER_RECEIPT,,25.0,REJECTED,603afc0e0a720fde10000243
1081,,,,,SUBMITTED,603b26430a720fde1000026c
1082,25.0,COMPLETE_NONPARTNER_RECEIPT,,25.0,REJECTED,603adfeb0a7217c72c000265
1083,,,,,SUBMITTED,603add9a0a7217c72c000263
1084,,,,,SUBMITTED,603babdb0a720fde100002e1
1085,,,,,SUBMITTED,603b45e90a7217c72c0002c2
1086,,,,,SUBMITTED,603bf8070a7217c72c000354
1087,,,,,SUBMITTED,603af1870a720fde1000023c
1088,25.0,COMPLETE_NONPARTNER_RECEIPT,,25.0,REJECTED,603aeba50a7217c72c000272
1089,25.0,COMPLETE_NONPARTNER_RECEIPT,,25.0,REJECTED,603cbbb50a720fde100003e3
1090,,,,,SUBMITTED,603cadab0a720fde100003d6
1091,,,,,SUBMITTED,603c8cdf0a7217c72c0003bb
1092,25.0,COMPLETE_NONPARTNER_RECEIPT,,25.0,REJECTED,603d30e60a7217c72c00043f
1093,,,,,SUBMITTED,603c65060a720fde10000395
1094,25.0,COMPLETE_NONPARTNER_RECEIPT,,25.0,REJECTED,603d5d6c0a7217c72c000463
1095,,,,,SUBMITTED,603d760e0a720fde1000048e
1096,25.0,COMPLETE_NONPARTNER_RECEIPT,,25.0,REJECTED,603d59e70a7217c72c00045f
1097,,,,,SUBMITTED,603c5ba30a720fde1000038d
1098,,,,,SUBMITTED,603c51160a7217c72c00038b
1099,25.0,COMPLETE_NONPARTNER_RECEIPT,,25.0,REJECTED,603d40250a720fde10000459
1100,25.0,COMPLETE_NONPARTNER_RECEIPT,,25.0,REJECTED,603c88240a7217c72c0003b8
1101,25.0,COMPLETE_NONPARTNER_RECEIPT,,25.0,REJECTED,603cba880a7217c72c0003e0
1102,,,,,SUBMITTED,603cd4570a7217c72c0003f5
1103,25.0,COMPLETE_NONPARTNER_RECEIPT,,25.0,REJECTED,603cd57d0a7217c72c0003f6
1104,,,,,SUBMITTED,603cf2ce0a7217c72c000413
1105,,,,,SUBMITTED,603cac7d0a7217c72c0003d7
1106,25.0,COMPLETE_NONPARTNER_RECEIPT,,25.0,REJECTED,603c7c6c0a7217c72c0003b3
1107,,,,,SUBMITTED,603d28b60a720fde10000445
1108,,,,,SUBMITTED,603ca44a0a720fde100003d0
1109,,,,,SUBMITTED,603c4a0e0a720fde10000380
1110,,,,,SUBMITTED,603c6adf0a720fde1000039a
1111,,,,,SUBMITTED,603c9e6e0a720fde100003c7
1112,25.0,COMPLETE_NONPARTNER_RECEIPT,,25.0,REJECTED,603c3d240a720fde10000373
1113,25.0,COMPLETE_NONPARTNER_RECEIPT,,25.0,REJECTED,603cc2bc0a720fde100003e9
1114,25.0,COMPLETE_NONPARTNER_RECEIPT,,25.0,REJECTED,603cc0630a720fde100003e6
1115,,,,,SUBMITTED,603d0b710a720fde1000042a
1116,,,,,SUBMITTED,603cf5290a720fde10000413
1117,25.0,COMPLETE_NONPARTNER_RECEIPT,,25.0,REJECTED,603ce7100a7217c72c000405
1118,,,,,SUBMITTED,603c4fea0a7217c72c000389
